Category,Metric,Value
Summary,avg_mfe,10.45
Summary,median_mfe,5.43
Summary,std_mfe,18.69
Summary,mfe_p10,0.55
Summary,mfe_p25,1.92
Summary,mfe_p75,13.19
Summary,mfe_p90,22.75
Summary,avg_mae,-6.78
Summary,median_mae,-4.7
Summary,std_mae,7.24
Summary,mae_p10,-14.65
Summary,mae_p25,-9.26
Summary,mae_p75,-2.18
Summary,mae_p90,-0.96
Summary,mfe_mae_ratio,1.54
mfe_reach,gt_1pct,83.5
mfe_reach,gt_2pct,73.9
mfe_reach,gt_3pct,64.7
mfe_reach,gt_5pct,51.6
mfe_reach,gt_10pct,33.1
mae_reach,lt_neg1pct,89.4
mae_reach,lt_neg2pct,77.3
mae_reach,lt_neg3pct,63.9
mae_reach,lt_neg5pct,47.6
mae_reach,lt_neg10pct,21.8
Sequence_threshold_1pct,A_mfe_first_count,202
Sequence_threshold_1pct,A_mfe_first_pct,41.2
Sequence_threshold_1pct,B_mae_first_count,284
Sequence_threshold_1pct,B_mae_first_pct,58.0
Sequence_threshold_1pct,neither_count,4
Sequence_threshold_1pct,neither_pct,0.8
Sequence_threshold_3pct,C_mfe_first_count,235
Sequence_threshold_3pct,C_mfe_first_pct,48.0
Sequence_threshold_3pct,D_mae_first_count,191
Sequence_threshold_3pct,D_mae_first_pct,39.0
Sequence_threshold_3pct,neither_count,64
Sequence_threshold_3pct,neither_pct,13.1
Sequence_threshold_5pct,E_mfe_first_count,218
Sequence_threshold_5pct,E_mfe_first_pct,44.5
Sequence_threshold_5pct,F_mae_first_count,157
Sequence_threshold_5pct,F_mae_first_pct,32.0
Sequence_threshold_5pct,neither_count,115
Sequence_threshold_5pct,neither_pct,23.5
