sl_atr,holding_bars,lat0_pf,lat0_pnl,lat0_dd,lat1_pf,lat1_pnl,lat1_deg_pnl_pct,lat2_pf,lat2_pnl,lat2_deg_pnl_pct
0.25,24,0.7435,-6411.15,74.58,0.9946,-122.58,98.1,0.7549,-5403.76,15.7
0.25,48,0.8231,-3792.32,54.01,0.8996,-1963.18,48.2,0.8768,-2416.43,36.3
0.25,72,0.858,-2770.87,47.11,0.9333,-1114.8,59.8,0.9525,-859.69,69.0
0.25,96,1.1038,1637.26,23.04,1.0109,182.37,-88.9,1.041,635.53,-61.2
0.5,24,0.8469,-3618.33,52.77,0.8639,-3198.41,11.6,0.8484,-3393.45,6.2
0.5,48,1.0119,236.27,34.94,0.8629,-2594.66,-1198.2,0.8601,-2683.83,-1235.9
0.5,72,1.0052,89.35,28.56,0.9491,-888.19,-1094.1,0.9411,-1030.1,-1252.9
0.5,96,1.1433,2213.45,24.76,0.8969,-1712.01,-177.3,0.9769,-347.84,-115.7
0.75,24,0.8203,-4277.61,57.87,0.9281,-1647.89,61.5,0.7233,-6276.82,-46.7
0.75,48,1.0054,112.94,26.95,0.7994,-3928.66,-3578.5,0.8453,-2903.24,-2670.6
0.75,72,0.9733,-472.96,35.39,0.8143,-3614.45,-664.2,0.84,-2850.11,-502.6
0.75,96,0.9318,-1184.75,40.66,0.864,-2322.51,-96.0,0.8718,-2067.79,-74.5
1.0,24,0.8326,-3957.28,60.38,0.8692,-2892.88,26.9,0.712,-6206.87,-56.8
1.0,48,0.9443,-1084.34,29.97,0.9428,-1088.97,-0.4,0.8803,-2163.85,-99.6
1.0,72,1.0122,214.87,39.88,0.9631,-670.33,-412.0,1.0058,94.61,-56.0
1.0,96,1.0294,484.84,31.14,1.0109,184.2,-62.0,1.0521,810.38,67.1
1.25,24,0.8151,-4276.27,57.48,0.8588,-3098.15,27.6,0.6868,-6886.34,-61.0
1.25,48,0.8191,-3522.2,48.07,0.801,-4093.69,-16.2,0.8173,-3418.34,2.9
1.25,72,0.9662,-608.87,41.96,0.8998,-1956.74,-221.4,1.0311,486.88,180.0
1.25,96,1.2175,3222.25,21.85,1.0842,1374.63,-57.3,0.8704,-2088.29,-164.8
1.5,24,0.8888,-2456.26,41.4,0.8246,-3928.72,-59.9,0.8512,-3093.34,-25.9
1.5,48,0.8631,-2552.41,42.19,0.8309,-3304.42,-29.5,0.8381,-2885.84,-13.1
1.5,72,1.0327,518.97,27.71,0.9094,-1560.68,-400.7,1.0778,1164.03,124.3
1.5,96,1.4341,5502.52,18.06,1.0541,807.61,-85.3,1.0454,700.05,-87.3
