dimension,parameter_value,scenarios_count,pf_min,pf_max,pf_mean,pf_std,pnl_min,pnl_max,pnl_mean,pnl_std,dd_min,dd_max,dd_mean,wr_min,wr_max,wr_mean
SL_ATR,0.25,12,0.7435,1.1038,0.916,0.107,-6411.15,1637.26,-1866.63,2333.79,23.04,74.58,42.66,32.27,38.8,34.88
SL_ATR,0.5,12,0.8469,1.1433,0.934,0.086,-3618.33,2213.45,-1410.65,1701.93,24.76,52.77,37.44,31.68,38.41,35.73
SL_ATR,0.75,12,0.7233,1.0054,0.868,0.076,-6276.82,112.94,-2619.49,1693.91,26.95,70.59,45.72,31.63,38.68,35.35
SL_ATR,1.0,12,0.712,1.0521,0.938,0.095,-6206.87,810.38,-1356.3,2019.77,29.29,70.26,40.78,33.33,40.4,36.02
SL_ATR,1.25,12,0.6868,1.2175,0.906,0.14,-6886.34,3222.25,-2072.09,2672.44,20.97,70.88,42.05,33.41,41.21,36.28
SL_ATR,1.5,12,0.8246,1.4341,0.971,0.168,-3928.72,5502.52,-924.04,2614.59,16.21,48.93,33.74,34.64,43.43,37.75
HOLDING_BARS,24,18,0.6868,0.9946,0.826,0.076,-6886.34,-122.58,-3952.56,1720.08,37.18,74.58,52.94,32.27,38.63,36.18
HOLDING_BARS,48,18,0.7994,1.0119,0.873,0.063,-4093.69,236.27,-2447.07,1243.0,26.95,54.42,41.29,32.48,39.18,35.95
HOLDING_BARS,72,18,0.8143,1.0778,0.954,0.068,-3614.45,1164.03,-879.39,1247.44,16.21,52.48,36.11,32.5,43.43,36.73
HOLDING_BARS,96,18,0.864,1.4341,1.035,0.135,-2322.51,5502.52,446.22,1937.03,18.06,41.86,31.25,31.63,40.7,35.14
LATENCY,Lat_0,24,0.7435,1.4341,0.963,0.151,-6411.15,5502.52,-1114.7,2705.5,18.06,74.58,40.03,32.0,40.7,34.39
LATENCY,Lat_1,24,0.7994,1.0842,0.911,0.077,-4093.69,1374.63,-1798.05,1532.96,26.69,54.42,40.61,31.63,37.84,35.36
LATENCY,Lat_2,24,0.6868,1.0778,0.892,0.11,-6886.34,1164.03,-2211.85,2293.23,16.21,70.88,40.55,35.37,43.43,38.26
