scenario_id,trades,win_rate,profit_factor,gross_profit,gross_loss,net_pnl,avg_trade_usd,median_trade_usd,max_dd_usd,max_dd_pct,avg_mfe,median_mfe,avg_mae,median_mae,avg_holding_bars,median_holding_bars,stop_out_pct,dev_exit_pct,time_exit_pct,max_consecutive_losses,sl_atr,holding_bars,latency
SL0.25_HOLD24_LAT0,750,32.27,0.7435,18582.03,24993.18,-6411.15,-8.55,-19.94,9220.11,74.58,6.93,3.9,-5.41,-3.77,17.2,24.0,10.8,28.53,60.67,24,0.25,24,0
SL0.25_HOLD24_LAT1,726,35.26,0.9946,22777.95,22900.53,-122.58,-0.17,-13.96,5052.7,42.94,8.31,3.71,-5.23,-3.52,17.0,24.0,11.16,27.96,60.88,20,0.25,24,1
SL0.25_HOLD24_LAT2,707,38.33,0.7549,16639.18,22042.94,-5403.76,-7.64,-11.26,6295.58,58.57,6.41,3.58,-5.3,-3.71,16.7,24.0,12.45,27.58,59.97,13,0.25,24,2
SL0.25_HOLD48_LAT0,505,32.48,0.8231,17642.59,21434.91,-3792.32,-7.51,-21.24,6345.26,54.01,10.01,5.05,-6.87,-4.77,30.8,48.0,21.39,26.93,51.68,16,0.25,48,0
SL0.25_HOLD48_LAT1,492,35.57,0.8996,17589.26,19552.44,-1963.18,-3.99,-16.96,4127.21,36.03,9.62,4.63,-6.66,-4.55,30.8,48.0,21.14,26.63,52.24,16,0.25,48,1
SL0.25_HOLD48_LAT2,500,38.8,0.8768,17197.93,19614.36,-2416.43,-4.83,-11.59,4689.91,41.31,8.2,3.86,-6.39,-4.6,29.2,41.0,22.4,29.4,48.2,18,0.25,48,2
SL0.25_HOLD72_LAT0,400,32.5,0.858,16748.46,19519.33,-2770.87,-6.93,-25.45,5785.4,47.11,11.02,5.42,-7.3,-4.95,42.2,48.0,27.5,28.25,44.25,14,0.25,72,0
SL0.25_HOLD72_LAT1,377,35.28,0.9333,15609.54,16724.34,-1114.8,-2.96,-20.55,4373.74,36.2,9.95,5.45,-6.96,-4.99,43.3,60.0,27.32,25.99,46.68,11,0.25,72,1
SL0.25_HOLD72_LAT2,405,37.53,0.9525,17236.52,18096.21,-859.69,-2.12,-17.06,4413.85,37.79,11.43,4.62,-6.75,-4.73,38.9,35.0,28.89,30.12,40.99,13,0.25,72,2
SL0.25_HOLD96_LAT0,338,32.84,1.1038,17404.35,15767.09,1637.26,4.84,-24.59,3220.38,23.04,12.75,6.78,-6.88,-4.79,52.7,53.5,28.99,28.99,42.01,13,0.25,96,0
SL0.25_HOLD96_LAT1,328,32.32,1.0109,16932.99,16750.62,182.37,0.56,-22.82,4588.81,35.13,11.62,5.84,-7.36,-4.99,53.6,56.5,31.1,26.83,42.07,15,0.25,96,1
SL0.25_HOLD96_LAT2,328,35.37,1.041,16145.42,15509.89,635.53,1.94,-18.66,2906.12,25.16,11.75,4.8,-7.04,-5.23,51.8,51.0,29.88,28.66,41.46,13,0.25,96,2
SL0.50_HOLD24_LAT0,741,34.01,0.8469,20020.79,23639.12,-3618.33,-4.88,-19.24,6631.06,52.77,7.4,3.99,-5.3,-3.73,17.4,24.0,9.58,27.8,62.62,17,0.5,24,0
SL0.50_HOLD24_LAT1,721,36.34,0.8639,20301.35,23499.76,-3198.41,-4.44,-13.88,4966.6,42.27,7.59,3.71,-5.52,-3.76,17.2,24.0,10.26,27.74,62.0,11,0.5,24,1
SL0.50_HOLD24_LAT2,701,37.66,0.8484,18986.51,22379.96,-3393.45,-4.84,-11.56,4752.45,44.69,7.08,3.63,-5.38,-3.76,16.9,24.0,9.99,28.53,61.48,11,0.5,24,2
SL0.50_HOLD48_LAT0,490,34.9,1.0119,20139.82,19903.55,236.27,0.48,-19.41,4769.65,34.94,10.45,5.43,-6.78,-4.67,31.7,48.0,20.41,25.71,53.88,13,0.5,48,0
SL0.50_HOLD48_LAT1,492,35.37,0.8629,16328.56,18923.22,-2594.66,-5.27,-15.79,4499.79,39.27,8.91,4.31,-6.38,-4.41,30.7,48.0,19.31,28.25,52.44,12,0.5,48,1
SL0.50_HOLD48_LAT2,479,38.41,0.8601,16497.26,19181.09,-2683.83,-5.6,-11.67,4495.37,39.73,8.7,4.25,-6.68,-4.79,30.6,48.0,20.04,28.18,51.77,13,0.5,48,2
SL0.50_HOLD72_LAT0,377,35.81,1.0052,17429.65,17340.3,89.35,0.24,-22.47,3537.99,28.56,11.64,5.88,-7.15,-4.86,44.8,63.0,24.93,26.53,48.54,12,0.5,72,0
SL0.50_HOLD72_LAT1,379,34.83,0.9491,16549.27,17437.46,-888.19,-2.34,-20.69,4636.49,38.52,9.95,5.29,-7.11,-4.97,42.9,60.0,26.39,26.65,46.97,15,0.5,72,1
SL0.50_HOLD72_LAT2,388,38.4,0.9411,16447.33,17477.43,-1030.1,-2.65,-16.96,4331.26,37.23,11.56,4.62,-6.92,-5.1,40.7,44.5,27.06,29.9,43.04,17,0.5,72,2
SL0.50_HOLD96_LAT0,322,33.54,1.1433,17664.64,15451.19,2213.45,6.87,-25.01,3512.79,24.76,13.66,6.78,-7.11,-5.21,55.1,64.0,27.33,27.95,44.72,19,0.5,96,0
SL0.50_HOLD96_LAT1,322,31.68,0.8969,14893.34,16605.35,-1712.01,-5.32,-24.98,5184.31,39.57,10.96,5.7,-7.73,-5.26,54.3,63.0,29.19,26.4,44.41,16,0.5,96,1
SL0.50_HOLD96_LAT2,304,37.83,0.9769,14702.41,15050.25,-347.84,-1.14,-21.37,3211.58,26.99,12.02,6.2,-7.69,-5.68,56.0,71.5,28.95,25.33,45.72,11,0.5,96,2
SL0.75_HOLD24_LAT0,737,33.79,0.8203,19530.54,23808.15,-4277.61,-5.8,-19.33,7217.83,57.87,6.94,3.96,-5.38,-3.74,17.5,24.0,8.55,28.09,63.36,22,0.75,24,0
SL0.75_HOLD24_LAT1,715,37.48,0.9281,21287.23,22935.12,-1647.89,-2.3,-12.5,4487.81,38.52,8.3,4.01,-5.42,-3.73,17.3,24.0,8.53,27.55,63.92,11,0.75,24,1
SL0.75_HOLD24_LAT2,687,37.12,0.7233,16410.54,22687.36,-6276.82,-9.14,-12.33,7472.87,70.59,6.8,3.65,-5.66,-3.82,17.3,24.0,9.32,27.07,63.61,12,0.75,24,2
SL0.75_HOLD48_LAT0,485,34.23,1.0054,20890.0,20777.06,112.94,0.23,-19.46,3453.22,26.95,11.82,5.4,-7.21,-4.86,31.9,48.0,18.97,26.39,54.64,13,0.75,48,0
SL0.75_HOLD48_LAT1,482,36.72,0.7994,15652.41,19581.07,-3928.66,-8.15,-15.3,6144.91,54.42,8.78,4.8,-6.85,-4.59,31.4,48.0,18.88,27.39,53.73,14,0.75,48,1
SL0.75_HOLD48_LAT2,486,38.68,0.8453,15868.6,18771.84,-2903.24,-5.97,-10.51,4998.9,44.82,9.57,3.95,-6.54,-4.68,30.2,48.0,16.87,31.28,51.85,10,0.75,48,2
SL0.75_HOLD72_LAT0,368,35.87,0.9733,17216.84,17689.8,-472.96,-1.29,-21.76,4355.84,35.39,11.34,5.87,-7.35,-5.04,46.0,69.0,24.18,25.27,50.54,17,0.75,72,0
SL0.75_HOLD72_LAT1,380,33.68,0.8143,15850.67,19465.12,-3614.45,-9.51,-22.04,6306.55,52.48,9.79,5.32,-7.69,-5.46,43.1,60.0,25.79,26.58,47.63,14,0.75,72,1
SL0.75_HOLD72_LAT2,376,36.7,0.84,14968.3,17818.41,-2850.11,-7.58,-18.43,5079.77,43.66,9.63,4.75,-7.26,-5.33,42.2,55.0,26.06,28.99,44.95,12,0.75,72,2
SL0.75_HOLD96_LAT0,325,32.0,0.9318,16194.5,17379.25,-1184.75,-3.65,-26.65,5594.93,40.66,12.23,6.15,-7.82,-5.61,54.6,61.0,28.62,27.08,44.31,20,0.75,96,0
SL0.75_HOLD96_LAT1,313,31.63,0.864,14758.75,17081.26,-2322.51,-7.42,-25.46,5194.16,41.47,11.34,5.9,-8.1,-6.11,55.8,68.0,30.35,24.28,45.37,20,0.75,96,1
SL0.75_HOLD96_LAT2,303,36.3,0.8718,14063.39,16131.18,-2067.79,-6.82,-21.87,4835.9,41.86,11.47,5.62,-8.17,-5.91,56.0,70.0,29.04,25.74,45.21,13,0.75,96,2
SL1.00_HOLD24_LAT0,728,33.65,0.8326,19686.61,23643.89,-3957.28,-5.44,-18.89,7519.17,60.38,8.17,4.0,-5.46,-3.73,17.7,24.0,6.59,28.3,65.11,20,1.0,24,0
SL1.00_HOLD24_LAT1,703,37.84,0.8692,19230.04,22122.92,-2892.88,-4.12,-12.54,4769.09,40.62,7.14,4.0,-5.44,-3.76,17.6,24.0,6.97,27.31,65.72,11,1.0,24,1
SL1.00_HOLD24_LAT2,677,37.96,0.712,15345.1,21551.97,-6206.87,-9.17,-11.15,7474.46,70.26,6.44,3.69,-5.56,-3.83,17.6,24.0,7.24,27.33,65.44,12,1.0,24,2
SL1.00_HOLD48_LAT0,477,33.75,0.9443,18393.02,19477.36,-1084.34,-2.27,-20.43,3492.56,29.97,10.86,5.56,-6.98,-4.86,32.3,48.0,16.35,27.88,55.77,10,1.0,48,0
SL1.00_HOLD48_LAT1,473,35.31,0.9428,17955.52,19044.49,-1088.97,-2.3,-18.33,4143.56,37.68,10.96,4.74,-6.73,-4.82,31.8,48.0,16.07,27.7,56.24,11,1.0,48,1
SL1.00_HOLD48_LAT2,470,37.23,0.8803,15916.87,18080.72,-2163.85,-4.6,-11.59,4407.3,40.6,9.98,4.25,-6.54,-4.75,31.1,48.0,15.74,30.21,54.04,12,1.0,48,2
SL1.00_HOLD72_LAT0,367,35.15,1.0122,17795.6,17580.73,214.87,0.59,-21.94,5155.44,39.88,13.14,5.6,-7.56,-4.97,45.9,72.0,21.25,26.16,52.59,19,1.0,72,0
SL1.00_HOLD72_LAT1,366,36.07,0.9631,17505.83,18176.16,-670.33,-1.83,-20.79,4558.16,36.67,10.99,5.34,-7.79,-5.23,44.4,68.0,23.22,27.05,49.73,10,1.0,72,1
SL1.00_HOLD72_LAT2,349,40.4,1.0058,16428.31,16333.7,94.61,0.27,-15.94,3826.51,32.27,12.2,5.33,-7.46,-5.44,45.5,72.0,22.92,26.07,51.0,10,1.0,72,2
SL1.00_HOLD96_LAT0,318,33.33,1.0294,16964.44,16479.6,484.84,1.52,-25.95,4147.52,31.14,12.95,6.48,-8.07,-6.07,55.7,68.0,25.79,27.36,46.86,13,1.0,96,0
SL1.00_HOLD96_LAT1,311,33.44,1.0109,17029.99,16845.79,184.2,0.59,-22.54,5116.79,40.54,13.49,6.22,-8.67,-5.37,56.0,68.0,25.08,26.05,48.87,13,1.0,96,1
SL1.00_HOLD96_LAT2,302,38.08,1.0521,16377.26,15566.88,810.38,2.68,-21.37,3383.78,29.29,13.1,5.53,-8.17,-6.01,56.4,72.5,24.5,27.48,48.01,11,1.0,96,2
SL1.25_HOLD24_LAT0,727,33.7,0.8151,18849.82,23126.09,-4276.27,-5.88,-18.4,7134.66,57.48,7.19,4.06,-5.39,-3.7,17.7,24.0,6.33,28.34,65.34,24,1.25,24,0
SL1.25_HOLD24_LAT1,704,37.5,0.8588,18851.19,21949.34,-3098.15,-4.4,-12.68,5047.89,42.99,7.08,4.02,-5.3,-3.76,17.6,24.0,6.25,28.27,65.48,11,1.25,24,1
SL1.25_HOLD24_LAT2,680,37.65,0.6868,15098.8,21985.14,-6886.34,-10.13,-11.54,7492.11,70.88,6.28,3.64,-5.55,-3.81,17.5,24.0,6.76,27.94,65.29,11,1.25,24,2
SL1.25_HOLD48_LAT0,464,33.41,0.8191,15952.3,19474.5,-3522.2,-7.59,-20.56,5508.88,48.07,10.44,5.69,-7.08,-4.92,33.2,48.0,15.3,26.72,57.97,18,1.25,48,0
SL1.25_HOLD48_LAT1,476,34.66,0.801,16475.41,20569.1,-4093.69,-8.6,-20.07,5545.9,50.55,9.42,4.54,-7.25,-4.79,31.6,48.0,15.34,28.78,55.88,11,1.25,48,1
SL1.25_HOLD48_LAT2,478,37.03,0.8173,15295.23,18713.57,-3418.34,-7.15,-11.91,4473.9,41.31,8.31,4.09,-6.64,-4.75,30.5,48.0,14.44,32.22,53.35,10,1.25,48,2
SL1.25_HOLD72_LAT0,368,34.24,0.9662,17415.47,18024.34,-608.87,-1.65,-23.45,5350.96,41.96,11.8,5.59,-7.7,-5.09,45.8,72.0,20.38,27.17,52.45,14,1.25,72,0
SL1.25_HOLD72_LAT1,363,36.91,0.8998,17577.37,19534.11,-1956.74,-5.39,-21.86,5171.69,41.71,11.34,5.84,-8.64,-5.76,44.8,68.0,22.59,26.72,50.69,10,1.25,72,1
SL1.25_HOLD72_LAT2,330,41.21,1.0311,16128.32,15641.44,486.88,1.48,-16.96,2486.31,20.97,10.82,5.82,-7.63,-5.89,48.3,72.0,21.21,23.03,55.76,10,1.25,72,2
SL1.25_HOLD96_LAT0,301,37.21,1.2175,18040.25,14818.0,3222.25,10.71,-24.83,3033.27,21.85,14.2,7.04,-7.84,-5.5,58.6,88.0,22.59,26.91,50.5,11,1.25,96,0
SL1.25_HOLD96_LAT1,310,34.52,1.0842,17695.24,16320.61,1374.63,4.43,-23.75,4034.51,31.49,13.61,6.24,-8.5,-5.8,56.0,74.0,24.19,27.74,48.06,12,1.25,96,1
SL1.25_HOLD96_LAT2,297,37.37,0.8704,14028.32,16116.61,-2088.29,-7.03,-21.87,4175.5,35.37,12.37,5.62,-8.56,-6.46,56.9,73.0,24.92,27.27,47.81,11,1.25,96,2
SL1.50_HOLD24_LAT0,713,34.64,0.8888,19633.28,22089.54,-2456.26,-3.44,-18.07,5187.54,41.4,7.57,4.03,-5.4,-3.7,18.0,24.0,4.77,28.19,67.04,18,1.5,24,0
SL1.50_HOLD24_LAT1,697,37.45,0.8246,18464.49,22393.21,-3928.72,-5.64,-12.88,5815.22,48.93,6.92,3.91,-5.51,-3.71,17.7,24.0,4.59,28.69,66.71,11,1.5,24,1
SL1.50_HOLD24_LAT2,673,38.63,0.8512,17691.03,20784.37,-3093.34,-4.6,-10.23,3983.68,37.18,6.79,3.69,-5.44,-3.71,17.6,24.0,5.05,28.23,66.72,11,1.5,24,2
SL1.50_HOLD48_LAT0,455,35.16,0.8631,16089.65,18642.06,-2552.41,-5.61,-18.51,4968.63,42.19,10.45,5.77,-7.19,-4.97,34.0,48.0,13.63,25.49,60.88,10,1.5,48,0
SL1.50_HOLD48_LAT1,469,36.25,0.8309,16241.44,19545.86,-3304.42,-7.05,-15.84,4913.06,44.23,8.81,4.59,-7.32,-4.79,32.2,48.0,12.58,29.21,58.21,11,1.5,48,1
SL1.50_HOLD48_LAT2,462,39.18,0.8381,14937.66,17823.5,-2885.84,-6.25,-10.7,4083.84,37.16,8.32,4.14,-6.75,-4.68,31.8,48.0,12.99,30.3,56.71,10,1.5,48,2
SL1.50_HOLD72_LAT0,357,36.13,1.0327,16390.75,15871.78,518.97,1.45,-20.96,3698.09,27.71,10.65,5.77,-7.35,-4.82,47.0,72.0,17.93,27.45,54.62,11,1.5,72,0
SL1.50_HOLD72_LAT1,356,37.08,0.9094,15671.28,17231.96,-1560.68,-4.38,-18.23,4486.38,35.67,10.21,5.75,-8.03,-4.98,45.9,72.0,19.1,27.53,53.37,13,1.5,72,1
SL1.50_HOLD72_LAT2,327,43.43,1.0778,16120.39,14956.36,1164.03,3.56,-11.51,1920.46,16.21,10.97,5.97,-7.49,-5.52,48.9,72.0,18.96,23.55,57.49,10,1.5,72,2
SL1.50_HOLD96_LAT0,285,40.7,1.4341,18178.11,12675.59,5502.52,19.31,-18.44,2076.87,18.06,14.31,8.08,-7.59,-5.27,62.4,96.0,18.95,25.26,55.79,10,1.5,96,0
SL1.50_HOLD96_LAT1,291,35.4,1.0541,15730.71,14923.1,807.61,2.78,-21.99,3456.81,26.69,12.29,6.5,-8.41,-5.54,60.3,96.0,20.96,25.77,53.26,15,1.5,96,1
SL1.50_HOLD96_LAT2,295,38.98,1.0454,16124.68,15424.63,700.05,2.37,-15.61,3569.71,29.42,13.12,5.21,-8.65,-5.63,57.9,83.0,20.34,29.15,50.51,13,1.5,96,2
