category,mfe_bucket,mae_<1 ATR,mae_1-2 ATR,mae_2-3 ATR,mae_3-5 ATR,mae_5-10 ATR,mae_>10 ATR
ALL,<1 ATR,0.44,0.43,1.08,3.54,6.41,4.94
ALL,1-2 ATR,0.41,1.09,1.8,3.68,5.05,3.14
ALL,2-3 ATR,0.75,1.74,1.98,3.1,3.44,2.03
ALL,3-5 ATR,2.59,3.53,2.88,4.25,4.24,1.61
ALL,5-10 ATR,4.76,3.93,3.5,4.57,3.48,0.95
ALL,>10 ATR,4.26,3.02,2.41,2.4,1.9,0.68
LONG,<1 ATR,0.47,0.36,0.97,4.07,6.97,3.14
LONG,1-2 ATR,0.27,0.72,1.44,3.87,4.78,1.36
LONG,2-3 ATR,0.26,1.11,1.53,3.03,3.36,0.84
LONG,3-5 ATR,1.24,2.65,2.68,4.37,4.89,0.92
LONG,5-10 ATR,3.22,3.3,3.94,6.01,5.29,0.88
LONG,>10 ATR,5.99,3.96,3.58,3.94,3.53,1.06
SHORT,<1 ATR,0.42,0.51,1.2,3.0,5.85,6.74
SHORT,1-2 ATR,0.55,1.46,2.16,3.48,5.32,4.94
SHORT,2-3 ATR,1.25,2.37,2.43,3.18,3.51,3.22
SHORT,3-5 ATR,3.94,4.41,3.08,4.13,3.59,2.3
SHORT,5-10 ATR,6.3,4.57,3.05,3.12,1.66,1.03
SHORT,>10 ATR,2.52,2.08,1.23,0.86,0.26,0.3
