Symbol,Segment,Direction,Signal_Time,Entry_Time,Exit_Time,Entry_Price,Exit_Price,Notional,Gross_PnL,Entry_Fee,Exit_Fee,Funding,Slippage_Cost,Net_PnL,Return_Pct,Holding_Bars,Exit_Reason,SL_Buffer_ATR
SOLUSDT,Segment 1,LONG,1647475200000,1647489600000,1647590400000,88.00398,84.907525,1000.0,-35.19,0.5,0.48,0.4,0.98,-36.57,-3.6568,8,PINE_DEVIATION,0.5
ETHUSDT,Segment 1,LONG,1647936000000,1647950400000,1648051200000,3022.020255,2959.929295,1000.0,-20.55,0.5,0.49,0.4,0.99,-21.94,-2.1936,8,PINE_DEVIATION,0.5
SOLUSDT,Segment 1,LONG,1647604800000,1647619200000,1648296000000,88.30413,101.139405,1000.0,145.35,0.5,0.57,2.4,1.07,141.88,14.188,48,TIME_EXPIRY,0.5
ETHUSDT,Segment 1,LONG,1648065600000,1648080000000,1648756800000,3037.05777,3279.789285,1000.0,79.92,0.5,0.54,2.4,1.04,76.48,7.6483,48,TIME_EXPIRY,0.5
SOLUSDT,Segment 1,LONG,1648411200000,1648425600000,1649102400000,106.99347,132.023955,1000.0,233.94,0.5,0.62,2.4,1.12,230.43,23.0427,48,TIME_EXPIRY,0.5
ETHUSDT,Segment 1,LONG,1648828800000,1648843200000,1649203200000,3471.01464,3281.376054,1000.0,-54.63,0.5,0.47,1.3,0.97,-56.91,-5.6908,26,STRUCTURAL_SL,0.5
SOLUSDT,Segment 1,SHORT,1649188800000,1649203200000,1649880000000,126.77658,104.942445,1000.0,172.23,0.5,0.41,2.4,0.91,168.91,16.8911,48,TIME_EXPIRY,0.5
ETHUSDT,Segment 1,SHORT,1649232000000,1649246400000,1649923200000,3302.118115,3073.525995,1000.0,69.23,0.5,0.47,2.4,0.97,65.86,6.5861,48,TIME_EXPIRY,0.5
ETHUSDT,Segment 1,SHORT,1650254400000,1650268800000,1650441600000,2889.73441,3161.051547,1000.0,-93.89,0.5,0.55,0.65,1.05,-95.59,-9.5587,13,STRUCTURAL_SL,0.5
ETHUSDT,Segment 1,LONG,1650441600000,1650456000000,1650571200000,3152.85564,2931.916137,1000.0,-70.08,0.5,0.46,0.45,0.96,-71.49,-7.1491,9,STRUCTURAL_SL,0.5
ETHUSDT,Segment 1,SHORT,1650628800000,1650643200000,1650715200000,2947.10571,2966.152335,1000.0,-6.46,0.5,0.5,0.3,1.0,-7.77,-0.7766,6,PINE_DEVIATION,0.5
SOLUSDT,Segment 1,SHORT,1650254400000,1650268800000,1650945600000,96.33181,100.8504,1000.0,-46.91,0.5,0.52,2.4,1.02,-50.33,-5.033,48,TIME_EXPIRY,0.5
ETHUSDT,Segment 1,SHORT,1650729600000,1650744000000,1651420800000,2950.813855,2765.612115,1000.0,62.76,0.5,0.47,2.4,0.97,59.39,5.9394,48,TIME_EXPIRY,0.5
ETHUSDT,Segment 1,SHORT,1651478400000,1651492800000,1651636800000,2792.8029,2829.53406,1000.0,-13.15,0.5,0.51,0.55,1.01,-14.71,-1.4709,11,PINE_DEVIATION,0.5
SOLUSDT,Segment 1,SHORT,1650974400000,1650988800000,1651665600000,96.45175,87.193575,1000.0,95.99,0.5,0.45,2.4,0.95,92.64,9.2636,48,TIME_EXPIRY,0.5
SOLUSDT,Segment 1,LONG,1651694400000,1651708800000,1651752000000,92.74635,84.867545,1000.0,-84.95,0.5,0.46,0.2,0.96,-86.11,-8.6108,4,PINE_DEVIATION,0.5
ETHUSDT,Segment 1,SHORT,1651752000000,1651766400000,1652443200000,2739.279675,2093.116035,1000.0,235.89,0.5,0.38,2.4,0.88,232.61,23.2606,48,TIME_EXPIRY,0.5
SOLUSDT,Segment 1,SHORT,1651766400000,1651780800000,1652457600000,83.63816,51.475725,1000.0,384.54,0.5,0.31,2.4,0.81,381.33,38.1335,48,TIME_EXPIRY,0.5
ETHUSDT,Segment 1,SHORT,1652875200000,1652889600000,1652961600000,1953.88257,2023.521255,1000.0,-35.64,0.5,0.52,0.3,1.02,-36.96,-3.6959,6,PINE_DEVIATION,0.5
SOLUSDT,Segment 1,SHORT,1652875200000,1652889600000,1652961600000,50.344815,53.216595,1000.0,-57.04,0.5,0.53,0.3,1.03,-58.37,-5.8371,6,PINE_DEVIATION,0.5
SOLUSDT,Segment 1,SHORT,1653048000000,1653062400000,1653739200000,49.365305,42.96147,1000.0,129.72,0.5,0.44,2.4,0.94,126.39,12.6388,48,TIME_EXPIRY,0.5
SOLUSDT,Segment 1,LONG,1653955200000,1653969600000,1654142400000,47.693835,38.388319,1000.0,-195.11,0.5,0.4,0.65,0.9,-196.66,-19.6662,13,STRUCTURAL_SL,0.5
ETHUSDT,Segment 1,SHORT,1653552000000,1653566400000,1654243200000,1814.77216,1762.350735,1000.0,28.89,0.5,0.49,2.4,0.99,25.5,2.55,48,TIME_EXPIRY,0.5
ETHUSDT,Segment 1,LONG,1654473600000,1654488000000,1654560000000,1877.91849,1754.82215,1000.0,-65.55,0.5,0.47,0.3,0.97,-66.82,-6.6817,6,PINE_DEVIATION,0.5
SOLUSDT,Segment 1,SHORT,1654243200000,1654257600000,1654934400000,38.210885,35.45772,1000.0,72.05,0.5,0.46,2.4,0.96,68.69,6.8688,48,TIME_EXPIRY,0.5
ETHUSDT,Segment 1,SHORT,1654862400000,1654876800000,1655553600000,1724.85714,989.53452,1000.0,426.31,0.5,0.29,2.4,0.79,423.12,42.3122,48,TIME_EXPIRY,0.5
SOLUSDT,Segment 1,SHORT,1654934400000,1654948800000,1655625600000,35.42228,32.4162,1000.0,84.86,0.5,0.46,2.4,0.96,81.51,8.1507,48,TIME_EXPIRY,0.5
SOLUSDT,Segment 1,LONG,1655712000000,1655726400000,1656403200000,36.328155,39.190395,1000.0,78.79,0.5,0.54,2.4,1.04,75.35,7.5349,48,TIME_EXPIRY,0.5
ETHUSDT,Segment 1,LONG,1656057600000,1656072000000,1656748800000,1195.85763,1042.77835,1000.0,-128.01,0.5,0.44,2.4,0.94,-131.34,-13.1344,48,TIME_EXPIRY,0.5
ETHUSDT,Segment 1,LONG,1656964800000,1656979200000,1657008000000,1150.805115,1111.22411,1000.0,-34.39,0.5,0.48,0.15,0.98,-35.53,-3.5527,3,PINE_DEVIATION,0.5
SOLUSDT,Segment 1,SHORT,1656417600000,1656432000000,1657108800000,37.02148,35.747865,1000.0,34.4,0.5,0.48,2.4,0.98,31.02,3.1019,48,TIME_EXPIRY,0.5
ETHUSDT,Segment 1,LONG,1657036800000,1657051200000,1657728000000,1146.703065,1075.36205,1000.0,-62.21,0.5,0.47,2.4,0.97,-65.58,-6.5583,48,TIME_EXPIRY,0.5
SOLUSDT,Segment 1,SHORT,1657497600000,1657512000000,1657987200000,35.772105,40.300371,1000.0,-126.59,0.5,0.56,1.7,1.06,-129.35,-12.935,34,STRUCTURAL_SL,0.5
ETHUSDT,Segment 1,SHORT,1658779200000,1658793600000,1658966400000,1439.6798,1659.064109,1000.0,-152.38,0.5,0.58,0.65,1.08,-154.11,-15.411,13,STRUCTURAL_SL,0.5
ETHUSDT,Segment 1,LONG,1658966400000,1658980800000,1658980800000,1649.00409,1617.900645,1000.0,-18.86,0.5,0.49,0.05,0.99,-19.9,-1.9903,1,PINE_DEVIATION,0.5
ETHUSDT,Segment 1,LONG,1658995200000,1659009600000,1659686400000,1641.830505,1712.413365,1000.0,42.99,0.5,0.52,2.4,1.02,39.57,3.9569,48,TIME_EXPIRY,0.5
ETHUSDT,Segment 1,LONG,1659945600000,1659960000000,1660032000000,1789.604355,1701.9486,1000.0,-48.98,0.5,0.48,0.3,0.98,-50.26,-5.0256,6,PINE_DEVIATION,0.5
SOLUSDT,Segment 1,LONG,1659931200000,1659945600000,1660622400000,42.691335,43.288345,1000.0,13.98,0.5,0.51,2.4,1.01,10.58,1.0577,48,TIME_EXPIRY,0.5
ETHUSDT,Segment 1,LONG,1660132800000,1660147200000,1660824000000,1837.75842,1871.04401,1000.0,18.11,0.5,0.51,2.4,1.01,14.7,1.4703,48,TIME_EXPIRY,0.5
ETHUSDT,Segment 1,SHORT,1660867200000,1660881600000,1661558400000,1816.041525,1501.73049,1000.0,173.07,0.5,0.41,2.4,0.91,169.76,16.9761,48,TIME_EXPIRY,0.5
SOLUSDT,Segment 1,SHORT,1661515200000,1661529600000,1662206400000,33.233375,31.125555,1000.0,63.42,0.5,0.47,2.4,0.97,60.06,6.0057,48,TIME_EXPIRY,0.5
SOLUSDT,Segment 1,LONG,1662451200000,1662465600000,1662480000000,33.23661,30.9845,1000.0,-67.76,0.5,0.47,0.1,0.97,-68.83,-6.8826,2,PINE_DEVIATION,0.5
ETHUSDT,Segment 1,LONG,1661832000000,1661846400000,1662523200000,1587.103155,1515.931655,1000.0,-44.84,0.5,0.48,2.4,0.98,-48.22,-4.8221,48,TIME_EXPIRY,0.5
ETHUSDT,Segment 1,LONG,1662580800000,1662595200000,1663272000000,1630.17468,1471.194035,1000.0,-97.52,0.5,0.45,2.4,0.95,-100.87,-10.0875,48,TIME_EXPIRY,0.5
SOLUSDT,Segment 1,LONG,1662638400000,1662652800000,1663329600000,33.39669,32.24387,1000.0,-34.52,0.5,0.48,2.4,0.98,-37.9,-3.7902,48,TIME_EXPIRY,0.5
SOLUSDT,Segment 1,SHORT,1663516800000,1663531200000,1664208000000,32.373805,33.73686,1000.0,-42.1,0.5,0.52,2.4,1.02,-45.52,-4.5525,48,TIME_EXPIRY,0.5
ETHUSDT,Segment 1,SHORT,1663804800000,1663819200000,1664496000000,1261.369,1327.6635,1000.0,-52.56,0.5,0.53,2.4,1.03,-55.98,-5.5984,48,TIME_EXPIRY,0.5
SOLUSDT,Segment 1,LONG,1664208000000,1664222400000,1664899200000,33.73686,34.06296,1000.0,9.67,0.5,0.5,2.4,1.0,6.26,0.6261,48,TIME_EXPIRY,0.5
ETHUSDT,Segment 1,SHORT,1665648000000,1665662400000,1665676800000,1241.63887,1287.013185,1000.0,-36.54,0.5,0.52,0.1,1.02,-37.66,-3.7662,2,PINE_DEVIATION,0.5
SOLUSDT,Segment 1,SHORT,1665432000000,1665446400000,1666123200000,31.914035,30.145065,1000.0,55.43,0.5,0.47,2.4,0.97,52.06,5.2057,48,TIME_EXPIRY,0.5
SOLUSDT,Segment 1,SHORT,1666209600000,1666224000000,1666713600000,28.82558,31.474325,1000.0,-91.89,0.5,0.55,1.75,1.05,-94.68,-9.4685,35,STRUCTURAL_SL,0.5
ETHUSDT,Segment 1,LONG,1666699200000,1666713600000,1667390400000,1408.233765,1556.871175,1000.0,105.55,0.5,0.55,2.4,1.05,102.1,10.2096,48,TIME_EXPIRY,0.5
SOLUSDT,Segment 1,SHORT,1667361600000,1667376000000,1667606400000,31.674155,34.221973,1000.0,-80.44,0.5,0.54,0.85,1.04,-82.33,-8.2329,17,STRUCTURAL_SL,0.5
ETHUSDT,Segment 1,SHORT,1668931200000,1668945600000,1669622400000,1166.19661,1170.134775,1000.0,-3.38,0.5,0.5,2.4,1.0,-6.78,-0.6779,48,TIME_EXPIRY,0.5
SOLUSDT,Segment 1,SHORT,1668974400000,1668988800000,1669665600000,12.245874,13.319657,1000.0,-87.69,0.5,0.54,2.4,1.04,-91.13,-9.1129,48,TIME_EXPIRY,0.5
ETHUSDT,Segment 1,SHORT,1669636800000,1669651200000,1669680000000,1162.508455,1184.91216,1000.0,-19.27,0.5,0.51,0.15,1.01,-20.43,-2.0432,3,PINE_DEVIATION,0.5
ETHUSDT,Segment 1,LONG,1669766400000,1669780800000,1670457600000,1265.19228,1230.68435,1000.0,-27.27,0.5,0.49,2.4,0.99,-30.66,-3.0661,48,TIME_EXPIRY,0.5
SOLUSDT,Segment 1,LONG,1671019200000,1671033600000,1671033600000,14.486239,14.288852,1000.0,-13.63,0.5,0.49,0.05,0.99,-14.67,-1.4669,1,PINE_DEVIATION,0.5
ETHUSDT,Segment 1,LONG,1670932800000,1670947200000,1671062400000,1324.662,1291.77379,1000.0,-24.83,0.5,0.49,0.45,0.99,-26.27,-2.6265,9,PINE_DEVIATION,0.5
ETHUSDT,Segment 1,SHORT,1671177600000,1671192000000,1671868800000,1211.49395,1219.419405,1000.0,-6.54,0.5,0.5,2.4,1.0,-9.95,-0.9945,48,TIME_EXPIRY,0.5
SOLUSDT,Segment 1,SHORT,1671220800000,1671235200000,1671912000000,12.232881,11.428711,1000.0,65.74,0.5,0.47,2.4,0.97,62.37,6.2371,48,TIME_EXPIRY,0.5
SOLUSDT,Segment 1,LONG,1673179200000,1673193600000,1673193600000,13.86593,13.522236,1000.0,-24.79,0.5,0.49,0.05,0.99,-25.82,-2.5825,1,PINE_DEVIATION,0.5
ETHUSDT,Segment 1,LONG,1672790400000,1672804800000,1673481600000,1250.955165,1400.23953,1000.0,119.34,0.5,0.56,2.4,1.06,115.88,11.5877,48,TIME_EXPIRY,0.5
SOLUSDT,Segment 1,LONG,1673208000000,1673222400000,1673899200000,14.471232,23.589199,1000.0,630.08,0.5,0.82,2.4,1.32,626.36,62.636,48,TIME_EXPIRY,0.5
ETHUSDT,Segment 1,LONG,1675008000000,1675022400000,1675065600000,1655.76747,1581.02909,1000.0,-45.14,0.5,0.48,0.2,0.98,-46.32,-4.6316,4,PINE_DEVIATION,0.5
SOLUSDT,Segment 1,LONG,1675008000000,1675022400000,1675699200000,26.360173,23.353317,1000.0,-114.07,0.5,0.44,2.4,0.94,-117.41,-11.7411,48,TIME_EXPIRY,0.5
ETHUSDT,Segment 1,LONG,1675281600000,1675296000000,1675972800000,1642.630905,1522.464358,1000.0,-73.15,0.5,0.46,2.4,0.96,-76.52,-7.6518,48,STRUCTURAL_SL,0.5
ETHUSDT,Segment 1,SHORT,1676275200000,1676289600000,1676318400000,1484.907175,1505.602425,1000.0,-13.94,0.5,0.51,0.15,1.01,-15.09,-1.5094,3,PINE_DEVIATION,0.5
SOLUSDT,Segment 1,SHORT,1675972800000,1675987200000,1676664000000,20.471759,23.157573,1000.0,-131.2,0.5,0.57,2.4,1.07,-134.66,-13.4662,48,TIME_EXPIRY,0.5
SOLUSDT,Segment 1,LONG,1676851200000,1676865600000,1676966400000,26.192089,25.063462,1000.0,-43.09,0.5,0.48,0.4,0.98,-44.47,-4.4469,8,PINE_DEVIATION,0.5
ETHUSDT,Segment 1,LONG,1676448000000,1676462400000,1677139200000,1572.40581,1635.791695,1000.0,40.31,0.5,0.52,2.4,1.02,36.89,3.6891,48,TIME_EXPIRY,0.5
ETHUSDT,Segment 1,SHORT,1677139200000,1677153600000,1677153600000,1635.791695,1655.917545,1000.0,-12.3,0.5,0.51,0.05,1.01,-13.36,-1.336,1,PINE_DEVIATION,0.5
ETHUSDT,Segment 1,SHORT,1677240000000,1677254400000,1677931200000,1601.37891,1561.990605,1000.0,24.6,0.5,0.49,2.4,0.99,21.21,2.1209,48,TIME_EXPIRY,0.5
ETHUSDT,Segment 1,SHORT,1678305600000,1678320000000,1678320000000,1531.044095,1541.99061,1000.0,-7.15,0.5,0.5,0.05,1.0,-8.2,-0.8203,1,PINE_DEVIATION,0.5
ETHUSDT,Segment 1,SHORT,1678348800000,1678363200000,1678651200000,1534.002615,1597.444529,1000.0,-41.36,0.5,0.52,1.05,1.02,-43.43,-4.3428,21,STRUCTURAL_SL,0.5
SOLUSDT,Segment 1,SHORT,1678176000000,1678190400000,1678867200000,20.291849,20.598294,1000.0,-15.1,0.5,0.51,2.4,1.01,-18.51,-1.8509,48,TIME_EXPIRY,0.5
ETHUSDT,Segment 1,LONG,1679572800000,1679587200000,1679587200000,1838.35872,1819.099995,1000.0,-10.48,0.5,0.49,0.05,0.99,-11.52,-1.1521,1,PINE_DEVIATION,0.5
SOLUSDT,Segment 1,SHORT,1679673600000,1679688000000,1680364800000,20.732629,20.946468,1000.0,-10.31,0.5,0.51,2.4,1.01,-13.72,-1.3719,48,TIME_EXPIRY,0.5
ETHUSDT,Segment 1,LONG,1680595200000,1680609600000,1681286400000,1865.11209,1870.58424,1000.0,2.93,0.5,0.5,2.4,1.0,-0.47,-0.0468,48,TIME_EXPIRY,0.5
SOLUSDT,Segment 1,LONG,1681185600000,1681200000000,1681876800000,22.479234,24.345821,1000.0,83.04,0.5,0.54,2.4,1.04,79.59,7.9595,48,TIME_EXPIRY,0.5
ETHUSDT,Segment 1,LONG,1681300800000,1681315200000,1681992000000,1912.385715,1943.94754,1000.0,16.5,0.5,0.51,2.4,1.01,13.1,1.3096,48,TIME_EXPIRY,0.5
ETHUSDT,Segment 2,SHORT,1682395200000,1682409600000,1682510400000,1813.53278,1939.276256,1000.0,-69.34,0.5,0.53,0.4,1.03,-70.77,-7.0771,8,STRUCTURAL_SL,0.5
ETHUSDT,Segment 2,LONG,1682510400000,1682524800000,1682539200000,1953.95649,1802.157514,1000.0,-77.69,0.5,0.46,0.1,0.96,-78.75,-7.8749,2,STRUCTURAL_SL,0.5
SOLUSDT,Segment 1,SHORT,1681891200000,1681905600000,1682582400000,23.185402,21.645817,1000.0,66.4,0.5,0.47,2.4,0.97,63.04,6.3036,48,TIME_EXPIRY,0.5
ETHUSDT,Segment 2,SHORT,1682956800000,1682971200000,1683288000000,1811.283905,1939.658649,1000.0,-70.87,0.5,0.54,1.15,1.04,-73.06,-7.306,23,STRUCTURAL_SL,0.5
ETHUSDT,Segment 2,LONG,1683288000000,1683302400000,1683374400000,1953.81642,1875.24191,1000.0,-40.22,0.5,0.48,0.3,0.98,-41.5,-4.1496,6,PINE_DEVIATION,0.5
SOLUSDT,Segment 2,LONG,1682697600000,1682712000000,1683388800000,23.310649,21.960014,1000.0,-57.94,0.5,0.47,2.4,0.97,-61.31,-6.1312,48,TIME_EXPIRY,0.5
SOLUSDT,Segment 2,SHORT,1683518400000,1683532800000,1684209600000,21.200394,21.043516,1000.0,7.4,0.5,0.5,2.4,1.0,4.0,0.4003,48,TIME_EXPIRY,0.5
ETHUSDT,Segment 2,SHORT,1683806400000,1683820800000,1684497600000,1805.946575,1815.54732,1000.0,-5.32,0.5,0.5,2.4,1.0,-8.72,-0.8719,48,TIME_EXPIRY,0.5
ETHUSDT,Segment 2,LONG,1684800000000,1684814400000,1684886400000,1865.89248,1819.939575,1000.0,-24.63,0.5,0.49,0.3,0.99,-25.92,-2.5916,6,PINE_DEVIATION,0.5
SOLUSDT,Segment 2,SHORT,1684670400000,1684684800000,1685361600000,19.909041,20.49124,1000.0,-29.24,0.5,0.51,2.4,1.01,-32.66,-3.2658,48,TIME_EXPIRY,0.5
ETHUSDT,Segment 2,LONG,1685304000000,1685318400000,1685995200000,1909.31418,1809.124985,1000.0,-52.47,0.5,0.47,2.4,0.97,-55.85,-5.5848,48,TIME_EXPIRY,0.5
ETHUSDT,Segment 2,SHORT,1686139200000,1686153600000,1686830400000,1837.36086,1642.46082,1000.0,106.08,0.5,0.45,2.4,0.95,102.73,10.2729,48,TIME_EXPIRY,0.5
SOLUSDT,Segment 2,SHORT,1686830400000,1686844800000,1686974400000,14.464764,16.08901,1000.0,-112.29,0.5,0.56,0.5,1.06,-113.85,-11.3846,10,STRUCTURAL_SL,0.5
SOLUSDT,Segment 2,LONG,1686974400000,1686988800000,1687003200000,15.854923,15.639177,1000.0,-13.61,0.5,0.49,0.1,0.99,-14.7,-1.4701,2,PINE_DEVIATION,0.5
SOLUSDT,Segment 2,LONG,1687204800000,1687219200000,1687896000000,16.10805,16.612689,1000.0,31.33,0.5,0.52,2.4,1.02,27.91,2.7913,48,TIME_EXPIRY,0.5
ETHUSDT,Segment 2,LONG,1687276800000,1687291200000,1687968000000,1782.71091,1830.514285,1000.0,26.81,0.5,0.51,2.4,1.01,23.4,2.3402,48,TIME_EXPIRY,0.5
SOLUSDT,Segment 2,SHORT,1687924800000,1687939200000,1688025600000,15.947023,17.783663,1000.0,-115.17,0.5,0.56,0.35,1.06,-116.58,-11.6579,7,STRUCTURAL_SL,0.5
ETHUSDT,Segment 2,SHORT,1687968000000,1687982400000,1688140800000,1830.514285,1943.838541,1000.0,-61.91,0.5,0.53,0.6,1.03,-63.54,-6.3539,12,STRUCTURAL_SL,0.5
ETHUSDT,Segment 2,LONG,1688328000000,1688342400000,1688673600000,1938.658845,1844.582279,1000.0,-48.53,0.5,0.48,1.2,0.98,-50.7,-5.0702,24,STRUCTURAL_SL,0.5
SOLUSDT,Segment 2,LONG,1688040000000,1688054400000,1688731200000,17.671831,21.202394,1000.0,199.78,0.5,0.6,2.4,1.1,196.28,19.6285,48,TIME_EXPIRY,0.5
ETHUSDT,Segment 2,LONG,1689249600000,1689264000000,1689940800000,1933.54629,1889.184935,1000.0,-22.94,0.5,0.49,2.4,0.99,-26.33,-2.6332,48,TIME_EXPIRY,0.5
ETHUSDT,Segment 2,SHORT,1690056000000,1690070400000,1690171200000,1864.6672,1875.107085,1000.0,-5.6,0.5,0.5,0.4,1.0,-7.0,-0.7002,8,PINE_DEVIATION,0.5
SOLUSDT,Segment 2,SHORT,1690732800000,1690747200000,1690761600000,24.226881,24.642315,1000.0,-17.15,0.5,0.51,0.1,1.01,-18.26,-1.8256,2,PINE_DEVIATION,0.5
ETHUSDT,Segment 2,SHORT,1690185600000,1690200000000,1690876800000,1851.263905,1830.925005,1000.0,10.99,0.5,0.49,2.4,0.99,7.59,0.7592,48,TIME_EXPIRY,0.5
ETHUSDT,Segment 2,SHORT,1691006400000,1691020800000,1691150400000,1838.150465,1847.5233,1000.0,-5.1,0.5,0.5,0.5,1.0,-6.6,-0.6602,10,PINE_DEVIATION,0.5
SOLUSDT,Segment 2,SHORT,1690804800000,1690819200000,1691496000000,23.911039,23.73086,1000.0,7.54,0.5,0.5,2.4,1.0,4.14,0.4139,48,TIME_EXPIRY,0.5
ETHUSDT,Segment 2,SHORT,1691164800000,1691179200000,1691856000000,1829.60474,1847.82345,1000.0,-9.96,0.5,0.5,2.4,1.0,-13.36,-1.3363,48,TIME_EXPIRY,0.5
SOLUSDT,Segment 2,LONG,1691496000000,1691510400000,1692187200000,23.73186,23.058465,1000.0,-28.38,0.5,0.49,2.4,0.99,-31.76,-3.1761,48,TIME_EXPIRY,0.5
ETHUSDT,Segment 2,SHORT,1692216000000,1692230400000,1692907200000,1806.286405,1661.05011,1000.0,80.41,0.5,0.46,2.4,0.96,77.05,7.7046,48,TIME_EXPIRY,0.5
SOLUSDT,Segment 2,SHORT,1692619200000,1692633600000,1693310400000,20.696647,21.334662,1000.0,-30.83,0.5,0.52,2.4,1.02,-34.24,-3.4242,48,TIME_EXPIRY,0.5
SOLUSDT,Segment 2,LONG,1693310400000,1693324800000,1693396800000,21.332661,20.815587,1000.0,-24.24,0.5,0.49,0.3,0.99,-25.53,-2.5526,6,PINE_DEVIATION,0.5
ETHUSDT,Segment 2,LONG,1693310400000,1693324800000,1693569600000,1716.51783,1624.681128,1000.0,-53.5,0.5,0.47,0.9,0.97,-55.37,-5.5375,18,STRUCTURAL_SL,0.5
SOLUSDT,Segment 2,SHORT,1693497600000,1693512000000,1694188800000,19.807092,19.567779,1000.0,12.08,0.5,0.49,2.4,0.99,8.69,0.8688,48,TIME_EXPIRY,0.5
SOLUSDT,Segment 2,SHORT,1694318400000,1694332800000,1695009600000,18.505743,19.121556,1000.0,-33.28,0.5,0.52,2.4,1.02,-36.69,-3.6694,48,TIME_EXPIRY,0.5
ETHUSDT,Segment 2,SHORT,1694419200000,1694433600000,1695038400000,1585.077065,1662.68067,1000.0,-48.96,0.5,0.52,2.15,1.02,-52.13,-5.2133,43,STRUCTURAL_SL,0.5
ETHUSDT,Segment 2,LONG,1695124800000,1695139200000,1695139200000,1657.138155,1642.568305,1000.0,-8.79,0.5,0.5,0.05,1.0,-9.84,-0.9838,1,PINE_DEVIATION,0.5
SOLUSDT,Segment 2,LONG,1695024000000,1695038400000,1695715200000,19.58879,19.366312,1000.0,-11.36,0.5,0.49,2.4,0.99,-14.75,-1.4752,48,TIME_EXPIRY,0.5
SOLUSDT,Segment 2,SHORT,1695729600000,1695744000000,1695902400000,19.147422,19.603797,1000.0,-23.83,0.5,0.51,0.6,1.01,-25.45,-2.5447,12,PINE_DEVIATION,0.5
ETHUSDT,Segment 2,SHORT,1695283200000,1695297600000,1695916800000,1593.28296,1658.505446,1000.0,-40.94,0.5,0.52,2.2,1.02,-44.16,-4.4156,44,STRUCTURAL_SL,0.5
SOLUSDT,Segment 2,LONG,1696075200000,1696089600000,1696766400000,21.424707,23.460264,1000.0,95.01,0.5,0.55,2.4,1.05,91.56,9.1562,48,TIME_EXPIRY,0.5
SOLUSDT,Segment 2,SHORT,1696838400000,1696852800000,1697457600000,22.153917,24.039416,1000.0,-85.11,0.5,0.54,2.15,1.04,-88.3,-8.8302,43,STRUCTURAL_SL,0.5
ETHUSDT,Segment 2,SHORT,1696838400000,1696852800000,1697529600000,1588.96512,1584.381795,1000.0,2.88,0.5,0.5,2.4,1.0,-0.51,-0.0514,48,TIME_EXPIRY,0.5
ETHUSDT,Segment 2,LONG,1697616000000,1697630400000,1697630400000,1578.80901,1568.69526,1000.0,-6.41,0.5,0.5,0.05,1.0,-7.45,-0.7453,1,PINE_DEVIATION,0.5
ETHUSDT,Segment 2,LONG,1697760000000,1697774400000,1698451200000,1586.91306,1789.794655,1000.0,127.85,0.5,0.56,2.4,1.06,124.38,12.4383,48,TIME_EXPIRY,0.5
ETHUSDT,Segment 2,LONG,1698854400000,1698868800000,1698926400000,1837.77843,1802.608245,1000.0,-19.14,0.5,0.49,0.25,0.99,-20.38,-2.0378,5,PINE_DEVIATION,0.5
SOLUSDT,Segment 2,LONG,1698652800000,1698667200000,1699344000000,34.967475,41.104438,1000.0,175.5,0.5,0.59,2.4,1.09,172.02,17.2017,48,TIME_EXPIRY,0.5
ETHUSDT,Segment 2,LONG,1699128000000,1699142400000,1699819200000,1857.00804,2045.05696,1000.0,101.26,0.5,0.55,2.4,1.05,97.81,9.7814,48,TIME_EXPIRY,0.5
SOLUSDT,Segment 2,LONG,1699372800000,1699387200000,1700064000000,43.919949,65.358305,1000.0,488.12,0.5,0.74,2.4,1.24,484.48,48.4479,48,TIME_EXPIRY,0.5
ETHUSDT,Segment 2,SHORT,1699977600000,1699992000000,1700064000000,1978.760125,2053.80639,1000.0,-37.93,0.5,0.52,0.3,1.02,-39.24,-3.9245,6,PINE_DEVIATION,0.5
SOLUSDT,Segment 2,SHORT,1700596800000,1700611200000,1700611200000,51.658158,54.378175,1000.0,-52.65,0.5,0.53,0.05,1.03,-53.73,-5.373,1,PINE_DEVIATION,0.5
ETHUSDT,Segment 2,SHORT,1700136000000,1700150400000,1700812800000,1995.431785,2119.802314,1000.0,-62.33,0.5,0.53,2.35,1.03,-65.71,-6.5709,47,STRUCTURAL_SL,0.5
ETHUSDT,Segment 2,SHORT,1701072000000,1701086400000,1701532800000,2023.90754,2141.790943,1000.0,-58.25,0.5,0.53,1.6,1.03,-60.87,-6.0875,32,STRUCTURAL_SL,0.5
SOLUSDT,Segment 2,LONG,1701489600000,1701504000000,1702180800000,62.086027,72.487738,1000.0,167.54,0.5,0.58,2.4,1.08,164.05,16.4053,48,TIME_EXPIRY,0.5
ETHUSDT,Segment 2,LONG,1701532800000,1701547200000,1702224000000,2160.169545,2355.94144,1000.0,90.63,0.5,0.55,2.4,1.05,87.18,8.7183,48,TIME_EXPIRY,0.5
SOLUSDT,Segment 2,SHORT,1702857600000,1702872000000,1702915200000,69.894036,72.360162,1000.0,-35.28,0.5,0.52,0.2,1.02,-36.5,-3.6501,4,PINE_DEVIATION,0.5
ETHUSDT,Segment 2,SHORT,1702252800000,1702267200000,1702944000000,2250.19434,2238.83886,1000.0,5.05,0.5,0.5,2.4,1.0,1.65,0.1649,48,TIME_EXPIRY,0.5
ETHUSDT,Segment 2,LONG,1703275200000,1703289600000,1703289600000,2327.70327,2273.14286,1000.0,-23.44,0.5,0.49,0.05,0.99,-24.48,-2.4478,1,PINE_DEVIATION,0.5
SOLUSDT,Segment 2,LONG,1703073600000,1703088000000,1703764800000,80.796378,99.752099,1000.0,234.61,0.5,0.62,2.4,1.12,231.09,23.1094,48,TIME_EXPIRY,0.5
ETHUSDT,Segment 2,LONG,1703678400000,1703692800000,1704283200000,2346.182505,2138.229924,1000.0,-88.63,0.5,0.46,2.1,0.96,-91.69,-9.169,42,STRUCTURAL_SL,0.5
SOLUSDT,Segment 2,LONG,1704153600000,1704168000000,1704283200000,111.573759,96.20943,1000.0,-137.71,0.5,0.43,0.45,0.93,-139.09,-13.9087,9,STRUCTURAL_SL,0.5
SOLUSDT,Segment 2,SHORT,1704297600000,1704312000000,1704326400000,97.314318,101.158554,1000.0,-39.5,0.5,0.52,0.1,1.02,-40.62,-4.0623,2,PINE_DEVIATION,0.5
ETHUSDT,Segment 2,SHORT,1704283200000,1704297600000,1704729600000,2240.109385,2355.336343,1000.0,-51.44,0.5,0.53,1.55,1.03,-54.01,-5.4014,31,STRUCTURAL_SL,0.5
ETHUSDT,Segment 2,LONG,1704729600000,1704744000000,1704801600000,2356.41762,2255.781545,1000.0,-42.71,0.5,0.48,0.25,0.98,-43.94,-4.3936,5,PINE_DEVIATION,0.5
SOLUSDT,Segment 2,SHORT,1704513600000,1704528000000,1705204800000,94.401775,98.356153,1000.0,-41.89,0.5,0.52,2.4,1.02,-45.31,-4.531,48,TIME_EXPIRY,0.5
ETHUSDT,Segment 2,LONG,1704830400000,1704844800000,1705521600000,2345.502165,2529.35469,1000.0,78.39,0.5,0.54,2.4,1.04,74.95,7.4946,48,TIME_EXPIRY,0.5
SOLUSDT,Segment 2,LONG,1705478400000,1705492800000,1705939200000,102.099024,84.214757,1000.0,-175.17,0.5,0.41,1.6,0.91,-177.68,-17.7678,32,STRUCTURAL_SL,0.5
ETHUSDT,Segment 2,SHORT,1705593600000,1705608000000,1706284800000,2438.14032,2258.418645,1000.0,73.71,0.5,0.46,2.4,0.96,70.35,7.0349,48,TIME_EXPIRY,0.5
ETHUSDT,Segment 2,LONG,1706400000000,1706414400000,1706443200000,2287.12299,2268.02542,1000.0,-8.35,0.5,0.5,0.15,1.0,-9.5,-0.9496,3,PINE_DEVIATION,0.5
SOLUSDT,Segment 2,SHORT,1705939200000,1705953600000,1706601600000,83.631163,104.426522,1000.0,-248.66,0.5,0.62,2.3,1.12,-252.08,-25.208,46,STRUCTURAL_SL,0.5
ETHUSDT,Segment 2,LONG,1706544000000,1706558400000,1707235200000,2293.556205,2376.661075,1000.0,36.23,0.5,0.52,2.4,1.02,32.82,3.2816,48,TIME_EXPIRY,0.5
SOLUSDT,Segment 2,LONG,1707393600000,1707408000000,1707408000000,104.8534,102.227861,1000.0,-25.04,0.5,0.49,0.05,0.99,-26.08,-2.6078,1,PINE_DEVIATION,0.5
ETHUSDT,Segment 2,LONG,1707235200000,1707249600000,1707926400000,2379.04893,2761.528545,1000.0,160.77,0.5,0.58,2.4,1.08,157.29,15.729,48,TIME_EXPIRY,0.5
SOLUSDT,Segment 2,LONG,1707436800000,1707451200000,1708128000000,104.358153,109.955995,1000.0,53.64,0.5,0.53,2.4,1.03,50.21,5.0214,48,TIME_EXPIRY,0.5
SOLUSDT,Segment 2,SHORT,1708156800000,1708171200000,1708848000000,109.411267,102.934441,1000.0,59.2,0.5,0.47,2.4,0.97,55.83,5.5827,48,TIME_EXPIRY,0.5
ETHUSDT,Segment 2,LONG,1708833600000,1708848000000,1709524800000,3034.006245,3478.61982,1000.0,146.54,0.5,0.57,2.4,1.07,143.07,14.307,48,TIME_EXPIRY,0.5
SOLUSDT,Segment 2,LONG,1708963200000,1708977600000,1709654400000,109.859903,119.357292,1000.0,86.45,0.5,0.54,2.4,1.04,83.01,8.3007,48,TIME_EXPIRY,0.5
ETHUSDT,Segment 2,LONG,1709539200000,1709553600000,1709654400000,3512.11518,3300.810897,1000.0,-60.16,0.5,0.47,0.4,0.97,-61.53,-6.1534,8,STRUCTURAL_SL,0.5
SOLUSDT,Segment 2,SHORT,1709668800000,1709683200000,1709697600000,125.296321,133.38666,1000.0,-64.57,0.5,0.53,0.1,1.03,-65.7,-6.5702,2,PINE_DEVIATION,0.5
ETHUSDT,Segment 2,LONG,1709668800000,1709683200000,1710360000000,3557.207715,4006.75562,1000.0,126.38,0.5,0.56,2.4,1.06,122.91,12.2913,48,TIME_EXPIRY,0.5
SOLUSDT,Segment 2,LONG,1709769600000,1709784000000,1710460800000,138.438185,176.123894,1000.0,272.22,0.5,0.64,2.4,1.14,268.68,26.8684,48,TIME_EXPIRY,0.5
ETHUSDT,Segment 2,SHORT,1710417600000,1710432000000,1711108800000,3846.485795,3352.885605,1000.0,128.32,0.5,0.44,2.4,0.94,124.99,12.4989,48,TIME_EXPIRY,0.5
SOLUSDT,Segment 2,LONG,1711310400000,1711324800000,1712001600000,184.110009,192.258823,1000.0,44.26,0.5,0.52,2.4,1.02,40.84,4.0838,48,TIME_EXPIRY,0.5
ETHUSDT,Segment 2,LONG,1711382400000,1711396800000,1712073600000,3644.351265,3277.62037,1000.0,-100.63,0.5,0.45,2.4,0.95,-103.98,-10.398,48,TIME_EXPIRY,0.5
SOLUSDT,Segment 2,SHORT,1712059200000,1712073600000,1712073600000,177.47122,185.865886,1000.0,-47.3,0.5,0.52,0.05,1.02,-48.38,-4.8375,1,PINE_DEVIATION,0.5
ETHUSDT,Segment 2,LONG,1712563200000,1712577600000,1712937600000,3637.99809,3163.278889,1000.0,-130.49,0.5,0.43,1.3,0.93,-132.72,-13.2724,26,STRUCTURAL_SL,0.5
SOLUSDT,Segment 2,SHORT,1712289600000,1712304000000,1712980800000,175.101405,151.169547,1000.0,136.67,0.5,0.43,2.4,0.93,133.34,13.3343,48,TIME_EXPIRY,0.5
ETHUSDT,Segment 2,SHORT,1713024000000,1713038400000,1713153600000,3081.828315,3242.58048,1000.0,-52.16,0.5,0.53,0.45,1.03,-53.64,-5.3637,9,PINE_DEVIATION,0.5
SOLUSDT,Segment 2,LONG,1713528000000,1713542400000,1713556800000,146.188058,142.372778,1000.0,-26.1,0.5,0.49,0.1,0.99,-27.19,-2.7185,2,PINE_DEVIATION,0.5
ETHUSDT,Segment 2,SHORT,1713182400000,1713196800000,1713873600000,3160.67887,3226.09224,1000.0,-20.7,0.5,0.51,2.4,1.01,-24.11,-2.4106,48,TIME_EXPIRY,0.5
SOLUSDT,Segment 2,LONG,1713614400000,1713628800000,1714305600000,147.184555,141.863033,1000.0,-36.16,0.5,0.48,2.4,0.98,-39.54,-3.9537,48,TIME_EXPIRY,0.5
ETHUSDT,Segment 2,LONG,1713916800000,1713931200000,1714536000000,3238.2183,2910.578802,1000.0,-101.18,0.5,0.45,2.15,0.95,-104.28,-10.4278,43,STRUCTURAL_SL,0.5
ETHUSDT,Segment 2,SHORT,1714536000000,1714550400000,1714636800000,2867.04576,2995.93722,1000.0,-44.96,0.5,0.52,0.35,1.02,-46.33,-4.6329,7,PINE_DEVIATION,0.5
SOLUSDT,Segment 2,SHORT,1714464000000,1714478400000,1714982400000,128.665635,151.145981,1000.0,-174.72,0.5,0.59,1.8,1.09,-177.61,-17.7606,36,STRUCTURAL_SL,0.5
SOLUSDT,Segment 2,SHORT,1715558400000,1715572800000,1715572800000,140.036946,143.559744,1000.0,-25.16,0.5,0.51,0.05,1.01,-26.22,-2.6219,1,PINE_DEVIATION,0.5
ETHUSDT,Segment 2,SHORT,1715342400000,1715356800000,1716033600000,2915.56149,3110.81463,1000.0,-66.97,0.5,0.53,2.4,1.03,-70.4,-7.0403,48,TIME_EXPIRY,0.5
SOLUSDT,Segment 2,LONG,1715803200000,1715817600000,1716494400000,158.503212,176.093909,1000.0,110.98,0.5,0.56,2.4,1.06,107.52,10.7525,48,TIME_EXPIRY,0.5
ETHUSDT,Segment 2,LONG,1716220800000,1716235200000,1716912000000,3440.009145,3842.09799,1000.0,116.89,0.5,0.56,2.4,1.06,113.43,11.3428,48,TIME_EXPIRY,0.5
ETHUSDT,Segment 2,LONG,1717603200000,1717617600000,1717632000000,3881.950005,3862.077995,1000.0,-5.12,0.5,0.5,0.1,1.0,-6.22,-0.6217,2,PINE_DEVIATION,0.5
SOLUSDT,Segment 2,LONG,1717560000000,1717574400000,1717776000000,173.620767,158.285198,1000.0,-88.33,0.5,0.46,0.75,0.96,-90.03,-9.0034,15,STRUCTURAL_SL,0.5
SOLUSDT,Segment 2,SHORT,1717848000000,1717862400000,1718020800000,160.065927,162.44118,1000.0,-14.84,0.5,0.51,0.6,1.01,-16.45,-1.6447,12,PINE_DEVIATION,0.5
ETHUSDT,Segment 2,SHORT,1717776000000,1717790400000,1718467200000,3687.045555,3559.67895,1000.0,34.54,0.5,0.48,2.4,0.98,31.16,3.1162,48,TIME_EXPIRY,0.5
ETHUSDT,Segment 3,LONG,1718539200000,1718553600000,1718668800000,3592.85553,3391.387352,1000.0,-56.07,0.5,0.47,0.45,0.97,-57.5,-5.7497,9,STRUCTURAL_SL,0.5
SOLUSDT,Segment 2,SHORT,1718049600000,1718064000000,1718740800000,159.016452,137.42768,1000.0,135.76,0.5,0.43,2.4,0.93,132.43,13.2432,48,TIME_EXPIRY,0.5
ETHUSDT,Segment 3,SHORT,1718697600000,1718712000000,1719388800000,3410.703795,3381.99015,1000.0,8.42,0.5,0.5,2.4,1.0,5.02,0.5023,48,TIME_EXPIRY,0.5
SOLUSDT,Segment 3,SHORT,1719172800000,1719187200000,1719489600000,128.59567,144.842394,1000.0,-126.34,0.5,0.56,1.1,1.06,-128.5,-12.8503,22,STRUCTURAL_SL,0.5
SOLUSDT,Segment 3,LONG,1719489600000,1719504000000,1719590400000,147.77285,140.879525,1000.0,-46.65,0.5,0.48,0.35,0.98,-47.97,-4.7975,7,PINE_DEVIATION,0.5
SOLUSDT,Segment 3,LONG,1719748800000,1719763200000,1720123200000,143.807868,129.127561,1000.0,-102.08,0.5,0.45,1.3,0.95,-104.33,-10.4332,26,STRUCTURAL_SL,0.5
ETHUSDT,Segment 3,SHORT,1719993600000,1720008000000,1720684800000,3304.416965,3147.122775,1000.0,47.6,0.5,0.48,2.4,0.98,44.22,4.4225,48,TIME_EXPIRY,0.5
SOLUSDT,Segment 3,SHORT,1720756800000,1720771200000,1720785600000,135.281326,138.820375,1000.0,-26.16,0.5,0.51,0.1,1.01,-27.27,-2.7274,2,PINE_DEVIATION,0.5
ETHUSDT,Segment 3,LONG,1720929600000,1720944000000,1721620800000,3195.927165,3475.28149,1000.0,87.41,0.5,0.54,2.4,1.04,83.97,8.3966,48,TIME_EXPIRY,0.5
SOLUSDT,Segment 3,LONG,1720987200000,1721001600000,1721678400000,147.645786,178.733589,1000.0,210.56,0.5,0.61,2.4,1.11,207.05,20.7051,48,TIME_EXPIRY,0.5
SOLUSDT,Segment 3,LONG,1722067200000,1722081600000,1722513600000,185.416662,165.886806,1000.0,-105.33,0.5,0.45,1.55,0.95,-107.83,-10.7827,31,STRUCTURAL_SL,0.5
ETHUSDT,Segment 3,SHORT,1721851200000,1721865600000,1722542400000,3332.562885,3203.270835,1000.0,38.8,0.5,0.48,2.4,0.98,35.42,3.5416,48,TIME_EXPIRY,0.5
SOLUSDT,Segment 3,SHORT,1722513600000,1722528000000,1723204800000,162.485717,151.161543,1000.0,69.69,0.5,0.47,2.4,0.97,66.33,6.6328,48,TIME_EXPIRY,0.5
SOLUSDT,Segment 3,SHORT,1723377600000,1723392000000,1723449600000,148.598664,150.219072,1000.0,-10.9,0.5,0.51,0.25,1.01,-12.16,-1.216,5,PINE_DEVIATION,0.5
SOLUSDT,Segment 3,SHORT,1723464000000,1723478400000,1724155200000,147.38727,142.145037,1000.0,35.57,0.5,0.48,2.4,0.98,32.19,3.2186,48,TIME_EXPIRY,0.5
ETHUSDT,Segment 3,LONG,1724515200000,1724529600000,1724788800000,2792.645625,2458.547332,1000.0,-119.64,0.5,0.44,0.95,0.94,-121.53,-12.1525,19,STRUCTURAL_SL,0.5
SOLUSDT,Segment 3,LONG,1724443200000,1724457600000,1724990400000,153.304614,137.299028,1000.0,-104.4,0.5,0.45,1.9,0.95,-107.25,-10.7252,38,STRUCTURAL_SL,0.5
ETHUSDT,Segment 3,SHORT,1724788800000,1724803200000,1725480000000,2454.75201,2450.894835,1000.0,1.57,0.5,0.5,2.4,1.0,-1.83,-0.1828,48,TIME_EXPIRY,0.5
ETHUSDT,Segment 3,LONG,1725912000000,1725926400000,1726027200000,2359.369095,2339.24979,1000.0,-8.53,0.5,0.5,0.4,1.0,-9.92,-0.9923,8,PINE_DEVIATION,0.5
SOLUSDT,Segment 3,SHORT,1725638400000,1725652800000,1726329600000,124.984476,136.574253,1000.0,-92.73,0.5,0.55,2.4,1.05,-96.18,-9.6176,48,TIME_EXPIRY,0.5
ETHUSDT,Segment 3,LONG,1726228800000,1726243200000,1726920000000,2408.033415,2557.26073,1000.0,61.97,0.5,0.53,2.4,1.03,58.54,5.854,48,TIME_EXPIRY,0.5
SOLUSDT,Segment 3,LONG,1726747200000,1726761600000,1727438400000,142.964446,158.916502,1000.0,111.58,0.5,0.56,2.4,1.06,108.12,10.8125,48,TIME_EXPIRY,0.5
ETHUSDT,Segment 3,LONG,1727452800000,1727467200000,1727496000000,2701.840245,2675.6615,1000.0,-9.69,0.5,0.5,0.15,1.0,-10.83,-1.0834,3,PINE_DEVIATION,0.5
SOLUSDT,Segment 3,SHORT,1727726400000,1727740800000,1727740800000,152.351786,155.121522,1000.0,-18.18,0.5,0.51,0.05,1.01,-19.24,-1.9239,1,PINE_DEVIATION,0.5
ETHUSDT,Segment 3,SHORT,1727784000000,1727798400000,1728475200000,2522.27823,2461.57017,1000.0,24.07,0.5,0.49,2.4,0.99,20.68,2.0681,48,TIME_EXPIRY,0.5
SOLUSDT,Segment 3,SHORT,1727784000000,1727798400000,1728475200000,149.451237,142.799364,1000.0,44.51,0.5,0.48,2.4,0.98,41.13,4.1131,48,TIME_EXPIRY,0.5
ETHUSDT,Segment 3,SHORT,1728504000000,1728518400000,1728604800000,2368.4152,2411.54517,1000.0,-18.21,0.5,0.51,0.35,1.01,-19.57,-1.957,7,PINE_DEVIATION,0.5
ETHUSDT,Segment 3,LONG,1728864000000,1728878400000,1729555200000,2521.30002,2643.327675,1000.0,48.4,0.5,0.52,2.4,1.02,44.97,4.4975,48,TIME_EXPIRY,0.5
SOLUSDT,Segment 3,LONG,1728864000000,1728878400000,1729555200000,152.506215,166.29681,1000.0,90.43,0.5,0.55,2.4,1.05,86.98,8.6981,48,TIME_EXPIRY,0.5
ETHUSDT,Segment 3,SHORT,1729684800000,1729699200000,1730260800000,2538.260235,2685.755809,1000.0,-58.11,0.5,0.53,2.0,1.03,-61.14,-6.1138,40,STRUCTURAL_SL,0.5
SOLUSDT,Segment 3,LONG,1730851200000,1730865600000,1731542400000,185.002455,219.500195,1000.0,186.47,0.5,0.59,2.4,1.09,182.98,18.2979,48,TIME_EXPIRY,0.5
ETHUSDT,Segment 3,LONG,1730865600000,1730880000000,1731556800000,2596.6977,3218.05017,1000.0,239.29,0.5,0.62,2.4,1.12,235.77,23.5766,48,TIME_EXPIRY,0.5
SOLUSDT,Segment 3,LONG,1731816000000,1731830400000,1732507200000,237.608745,253.343265,1000.0,66.22,0.5,0.53,2.4,1.03,62.79,6.2787,48,TIME_EXPIRY,0.5
ETHUSDT,Segment 3,LONG,1732190400000,1732204800000,1732881600000,3280.849605,3613.402395,1000.0,101.36,0.5,0.55,2.4,1.05,97.91,9.7911,48,TIME_EXPIRY,0.5
ETHUSDT,Segment 3,LONG,1733313600000,1733328000000,1733774400000,3826.29219,3523.723835,1000.0,-79.08,0.5,0.46,1.6,0.96,-81.64,-8.1637,32,STRUCTURAL_SL,0.5
SOLUSDT,Segment 3,SHORT,1733155200000,1733169600000,1733846400000,224.057915,212.14602,1000.0,53.16,0.5,0.47,2.4,0.97,49.79,4.9791,48,TIME_EXPIRY,0.5
ETHUSDT,Segment 3,LONG,1734364800000,1734379200000,1734436800000,4059.0285,3935.461285,1000.0,-30.44,0.5,0.48,0.25,0.98,-31.68,-3.1677,5,PINE_DEVIATION,0.5
SOLUSDT,Segment 3,SHORT,1734091200000,1734105600000,1734782400000,220.90949,186.59325,1000.0,155.34,0.5,0.42,2.4,0.92,152.02,15.2018,48,TIME_EXPIRY,0.5
ETHUSDT,Segment 3,SHORT,1734537600000,1734552000000,1735228800000,3766.885615,3340.20927,1000.0,113.27,0.5,0.44,2.4,0.94,109.93,10.9927,48,TIME_EXPIRY,0.5
SOLUSDT,Segment 3,LONG,1735041600000,1735056000000,1735732800000,197.77884,191.714095,1000.0,-30.66,0.5,0.48,2.4,0.98,-34.05,-3.4049,48,TIME_EXPIRY,0.5
ETHUSDT,Segment 3,LONG,1735905600000,1735920000000,1736438400000,3566.10216,3197.188404,1000.0,-103.45,0.5,0.45,1.85,0.95,-106.25,-10.6248,37,STRUCTURAL_SL,0.5
SOLUSDT,Segment 3,LONG,1735776000000,1735790400000,1736467200000,198.569235,188.92549,1000.0,-48.57,0.5,0.48,2.4,0.98,-51.94,-5.1942,48,TIME_EXPIRY,0.5
SOLUSDT,Segment 3,SHORT,1736740800000,1736755200000,1736812800000,182.298805,184.202055,1000.0,-10.44,0.5,0.51,0.25,1.01,-11.7,-1.1695,5,PINE_DEVIATION,0.5
ETHUSDT,Segment 3,SHORT,1736755200000,1736769600000,1736971200000,3055.281595,3444.800138,1000.0,-127.49,0.5,0.56,0.75,1.06,-129.3,-12.9304,15,STRUCTURAL_SL,0.5
SOLUSDT,Segment 3,LONG,1736942400000,1736956800000,1737633600000,196.488195,249.045415,1000.0,267.48,0.5,0.63,2.4,1.13,263.95,26.3949,48,TIME_EXPIRY,0.5
ETHUSDT,Segment 3,LONG,1737100800000,1737115200000,1737792000000,3423.821055,3303.84725,1000.0,-35.04,0.5,0.48,2.4,0.98,-38.42,-3.8423,48,TIME_EXPIRY,0.5
ETHUSDT,Segment 3,SHORT,1737950400000,1737964800000,1738641600000,3067.58544,2703.71118,1000.0,118.62,0.5,0.44,2.4,0.94,115.28,11.5278,48,TIME_EXPIRY,0.5
SOLUSDT,Segment 3,SHORT,1737950400000,1737964800000,1738641600000,227.276305,204.22206,1000.0,101.44,0.5,0.45,2.4,0.95,98.09,9.8088,48,TIME_EXPIRY,0.5
SOLUSDT,Segment 3,SHORT,1738843200000,1738857600000,1738886400000,191.04443,193.2966,1000.0,-11.79,0.5,0.51,0.15,1.01,-12.94,-1.2945,3,PINE_DEVIATION,0.5
ETHUSDT,Segment 3,SHORT,1738958400000,1738972800000,1739649600000,2619.34967,2693.075865,1000.0,-28.15,0.5,0.51,2.4,1.01,-31.56,-3.1561,48,TIME_EXPIRY,0.5
SOLUSDT,Segment 3,SHORT,1739764800000,1739779200000,1740456000000,181.159375,136.238085,1000.0,247.97,0.5,0.38,2.4,0.88,244.69,24.469,48,TIME_EXPIRY,0.5
SOLUSDT,Segment 3,SHORT,1740700800000,1740715200000,1740916800000,127.526205,154.07765,1000.0,-208.2,0.5,0.6,0.75,1.1,-210.06,-21.0058,15,STRUCTURAL_SL,0.5
ETHUSDT,Segment 3,SHORT,1740427200000,1740441600000,1741118400000,2511.00387,2171.595255,1000.0,135.17,0.5,0.43,2.4,0.93,131.84,13.1836,48,TIME_EXPIRY,0.5
SOLUSDT,Segment 3,LONG,1740916800000,1740931200000,1741536000000,157.43868,127.324361,1000.0,-191.28,0.5,0.4,2.15,0.9,-194.33,-19.4331,43,STRUCTURAL_SL,0.5
ETHUSDT,Segment 3,SHORT,1741536000000,1741550400000,1741593600000,2038.32033,2128.193565,1000.0,-44.09,0.5,0.52,0.2,1.02,-45.31,-4.5314,4,PINE_DEVIATION,0.5
SOLUSDT,Segment 3,SHORT,1741536000000,1741550400000,1742227200000,129.03545,129.80487,1000.0,-5.96,0.5,0.5,2.4,1.0,-9.37,-0.9366,48,TIME_EXPIRY,0.5
ETHUSDT,Segment 3,SHORT,1741608000000,1741622400000,1742299200000,2015.981505,1880.909985,1000.0,67.0,0.5,0.47,2.4,0.97,63.63,6.3634,48,TIME_EXPIRY,0.5
ETHUSDT,Segment 3,LONG,1742371200000,1742385600000,1742472000000,2027.99349,1970.07447,1000.0,-28.56,0.5,0.49,0.35,0.99,-29.9,-2.9895,7,PINE_DEVIATION,0.5
SOLUSDT,Segment 3,LONG,1742400000000,1742414400000,1743091200000,133.04649,138.9305,1000.0,44.23,0.5,0.52,2.4,1.02,40.8,4.0803,48,TIME_EXPIRY,0.5
ETHUSDT,Segment 3,LONG,1742788800000,1742803200000,1743336000000,2069.51424,1786.63995,1000.0,-136.69,0.5,0.43,1.9,0.93,-139.52,-13.9518,38,STRUCTURAL_SL,0.5
ETHUSDT,Segment 3,LONG,1743508800000,1743523200000,1743624000000,1918.848945,1793.20295,1000.0,-65.48,0.5,0.47,0.4,0.97,-66.85,-6.6847,8,PINE_DEVIATION,0.5
SOLUSDT,Segment 3,SHORT,1743134400000,1743148800000,1743825600000,131.47423,121.070505,1000.0,79.13,0.5,0.46,2.4,0.96,75.77,7.5771,48,TIME_EXPIRY,0.5
SOLUSDT,Segment 3,SHORT,1743955200000,1743969600000,1744444800000,107.936005,125.336321,1000.0,-161.21,0.5,0.58,1.7,1.08,-163.99,-16.399,34,STRUCTURAL_SL,0.5
ETHUSDT,Segment 3,SHORT,1743955200000,1743969600000,1744646400000,1624.397395,1636.73796,1000.0,-7.6,0.5,0.5,2.4,1.0,-11.0,-1.1001,48,TIME_EXPIRY,0.5
SOLUSDT,Segment 3,LONG,1745020800000,1745035200000,1745150400000,138.779355,135.802065,1000.0,-21.45,0.5,0.49,0.45,0.99,-22.89,-2.2893,9,PINE_DEVIATION,0.5
SOLUSDT,Segment 3,LONG,1745164800000,1745179200000,1745856000000,137.14854,148.22585,1000.0,80.77,0.5,0.54,2.4,1.04,77.33,7.7328,48,TIME_EXPIRY,0.5
ETHUSDT,Segment 3,LONG,1745323200000,1745337600000,1746014400000,1703.261205,1762.83814,1000.0,34.98,0.5,0.52,2.4,1.02,31.56,3.1561,48,TIME_EXPIRY,0.5
ETHUSDT,Segment 3,LONG,1746086400000,1746100800000,1746158400000,1845.712395,1814.39235,1000.0,-16.97,0.5,0.49,0.25,0.99,-18.21,-1.8211,5,PINE_DEVIATION,0.5
SOLUSDT,Segment 3,SHORT,1746014400000,1746028800000,1746705600000,142.02895,157.385586,1000.0,-108.12,0.5,0.55,2.4,1.05,-111.58,-11.1577,48,STRUCTURAL_SL,0.5
ETHUSDT,Segment 3,LONG,1746662400000,1746676800000,1747353600000,1901.460255,2579.139785,1000.0,356.4,0.5,0.68,2.4,1.18,352.82,35.2821,48,TIME_EXPIRY,0.5
SOLUSDT,Segment 3,LONG,1746705600000,1746720000000,1747396800000,160.270095,171.914,1000.0,72.65,0.5,0.54,2.4,1.04,69.22,6.9215,48,TIME_EXPIRY,0.5
SOLUSDT,Segment 3,SHORT,1747627200000,1747641600000,1747958400000,161.69911,184.36373,1000.0,-140.17,0.5,0.57,1.15,1.07,-142.39,-14.2385,23,STRUCTURAL_SL,0.5
SOLUSDT,Segment 3,LONG,1747958400000,1747972800000,1747987200000,185.03247,177.79106,1000.0,-39.14,0.5,0.48,0.1,0.98,-40.22,-4.0216,2,PINE_DEVIATION,0.5
ETHUSDT,Segment 3,LONG,1747915200000,1747929600000,1748606400000,2664.87177,2595.711495,1000.0,-25.95,0.5,0.49,2.4,0.99,-29.34,-2.934,48,TIME_EXPIRY,0.5
SOLUSDT,Segment 3,SHORT,1748577600000,1748592000000,1749268800000,162.53869,152.37615,1000.0,62.52,0.5,0.47,2.4,0.97,59.16,5.9155,48,TIME_EXPIRY,0.5
ETHUSDT,Segment 3,LONG,1749513600000,1749528000000,1749528000000,2689.60413,2675.331665,1000.0,-5.31,0.5,0.5,0.05,1.0,-6.35,-0.6354,1,PINE_DEVIATION,0.5
SOLUSDT,Segment 3,SHORT,1749312000000,1749326400000,1749571200000,150.42475,162.590087,1000.0,-80.87,0.5,0.54,0.9,1.04,-82.81,-8.2814,18,STRUCTURAL_SL,0.5
SOLUSDT,Segment 3,LONG,1749571200000,1749585600000,1749700800000,163.611765,158.610655,1000.0,-30.57,0.5,0.48,0.45,0.98,-32.0,-3.2002,9,PINE_DEVIATION,0.5
ETHUSDT,Segment 3,LONG,1749542400000,1749556800000,1750233600000,2774.376495,2511.333705,1000.0,-94.81,0.5,0.45,2.4,0.95,-98.16,-9.8164,48,TIME_EXPIRY,0.5
SOLUSDT,Segment 3,SHORT,1749772800000,1749787200000,1750464000000,144.577675,140.760345,1000.0,26.4,0.5,0.49,2.4,0.99,23.02,2.3017,48,TIME_EXPIRY,0.5
ETHUSDT,Segment 3,SHORT,1750435200000,1750449600000,1751126400000,2412.41319,2433.59619,1000.0,-8.78,0.5,0.5,2.4,1.0,-12.19,-1.2185,48,TIME_EXPIRY,0.5
ETHUSDT,Segment 3,LONG,1751299200000,1751313600000,1751313600000,2516.03739,2483.05785,1000.0,-13.11,0.5,0.49,0.05,0.99,-14.15,-1.4151,1,PINE_DEVIATION,0.5
SOLUSDT,Segment 3,LONG,1751126400000,1751140800000,1751817600000,150.69531,151.14439,1000.0,2.98,0.5,0.5,2.4,1.0,-0.42,-0.0421,48,TIME_EXPIRY,0.5
SOLUSDT,Segment 3,LONG,1752076800000,1752091200000,1752148800000,157.308615,156.30181,1000.0,-6.4,0.5,0.5,0.25,1.0,-7.65,-0.7647,5,PINE_DEVIATION,0.5
ETHUSDT,Segment 3,LONG,1751472000000,1751486400000,1752163200000,2604.94182,2813.202695,1000.0,79.95,0.5,0.54,2.4,1.04,76.51,7.6508,48,TIME_EXPIRY,0.5
ETHUSDT,Segment 3,LONG,1752451200000,1752465600000,1752494400000,3037.888185,3009.4945,1000.0,-9.35,0.5,0.5,0.15,1.0,-10.49,-1.0492,3,PINE_DEVIATION,0.5
SOLUSDT,Segment 3,LONG,1752163200000,1752177600000,1752854400000,159.329625,176.83154,1000.0,109.85,0.5,0.55,2.4,1.05,106.39,10.6392,48,TIME_EXPIRY,0.5
ETHUSDT,Segment 3,LONG,1752580800000,1752595200000,1753272000000,3040.509495,3641.728225,1000.0,197.74,0.5,0.6,2.4,1.1,194.24,19.4237,48,TIME_EXPIRY,0.5
SOLUSDT,Segment 3,LONG,1753056000000,1753070400000,1753747200000,186.803355,184.177865,1000.0,-14.05,0.5,0.49,2.4,0.99,-17.45,-1.7448,48,TIME_EXPIRY,0.5
ETHUSDT,Segment 3,LONG,1753632000000,1753646400000,1754078400000,3829.263675,3485.875692,1000.0,-89.67,0.5,0.46,1.55,0.96,-92.18,-9.218,31,STRUCTURAL_SL,0.5
ETHUSDT,Segment 3,SHORT,1754078400000,1754092800000,1754582400000,3484.666795,3875.597357,1000.0,-112.19,0.5,0.56,1.75,1.06,-114.99,-11.4992,35,STRUCTURAL_SL,0.5
SOLUSDT,Segment 3,SHORT,1753977600000,1753992000000,1754668800000,175.13239,178.50921,1000.0,-19.28,0.5,0.51,2.4,1.01,-22.69,-2.2691,48,TIME_EXPIRY,0.5
SOLUSDT,Segment 4,SHORT,1754942400000,1754956800000,1754956800000,174.65263,175.557735,1000.0,-5.18,0.5,0.5,0.05,1.0,-6.23,-0.6235,1,PINE_DEVIATION,0.5
ETHUSDT,Segment 4,LONG,1754582400000,1754596800000,1755273600000,3867.402735,4378.859475,1000.0,132.25,0.5,0.57,2.4,1.07,128.78,12.8782,48,TIME_EXPIRY,0.5
SOLUSDT,Segment 4,LONG,1755014400000,1755028800000,1755705600000,190.71531,187.436235,1000.0,-17.19,0.5,0.49,2.4,0.99,-20.58,-2.0585,48,TIME_EXPIRY,0.5
ETHUSDT,Segment 4,SHORT,1755561600000,1755576000000,1755864000000,4215.321285,4605.549279,1000.0,-92.57,0.5,0.55,1.05,1.05,-94.67,-9.467,21,STRUCTURAL_SL,0.5
SOLUSDT,Segment 4,SHORT,1755792000000,1755806400000,1755864000000,179.96997,193.546725,1000.0,-75.44,0.5,0.54,0.25,1.04,-76.73,-7.6727,5,PINE_DEVIATION,0.5
ETHUSDT,Segment 4,LONG,1755864000000,1755878400000,1756555200000,4616.236965,4371.523145,1000.0,-53.01,0.5,0.47,2.4,0.97,-56.39,-5.6385,48,TIME_EXPIRY,0.5
SOLUSDT,Segment 4,LONG,1755878400000,1755892800000,1756569600000,199.069485,201.05942,1000.0,10.0,0.5,0.5,2.4,1.01,6.59,0.6591,48,TIME_EXPIRY,0.5
ETHUSDT,Segment 4,SHORT,1756569600000,1756584000000,1757260800000,4350.14384,4293.46566,1000.0,13.03,0.5,0.49,2.4,0.99,9.64,0.9636,48,TIME_EXPIRY,0.5
SOLUSDT,Segment 4,SHORT,1756684800000,1756699200000,1757376000000,198.20085,214.62726,1000.0,-82.88,0.5,0.54,2.4,1.04,-86.32,-8.6319,48,TIME_EXPIRY,0.5
SOLUSDT,Segment 4,LONG,1757390400000,1757404800000,1757419200000,219.3096,212.87351,1000.0,-29.35,0.5,0.49,0.1,0.99,-30.43,-3.0432,2,PINE_DEVIATION,0.5
SOLUSDT,Segment 4,LONG,1757462400000,1757476800000,1758153600000,219.239565,246.49669,1000.0,124.33,0.5,0.56,2.4,1.06,120.86,12.0864,48,TIME_EXPIRY,0.5
ETHUSDT,Segment 4,LONG,1757635200000,1757649600000,1758326400000,4505.861805,4461.3682,1000.0,-9.87,0.5,0.5,2.4,1.0,-13.27,-1.327,48,TIME_EXPIRY,0.5
ETHUSDT,Segment 4,SHORT,1758499200000,1758513600000,1759190400000,4301.458195,4198.25808,1000.0,23.99,0.5,0.49,2.4,0.99,20.6,2.0604,48,TIME_EXPIRY,0.5
SOLUSDT,Segment 4,SHORT,1758499200000,1758513600000,1759190400000,232.593645,210.64527,1000.0,94.36,0.5,0.45,2.4,0.95,91.01,9.1011,48,TIME_EXPIRY,0.5
ETHUSDT,Segment 4,LONG,1759752000000,1759766400000,1759838400000,4673.57562,4508.04485,1000.0,-35.42,0.5,0.48,0.3,0.98,-36.7,-3.6701,6,PINE_DEVIATION,0.5
SOLUSDT,Segment 4,SHORT,1759852800000,1759867200000,1759939200000,221.439225,229.344615,1000.0,-35.7,0.5,0.52,0.3,1.02,-37.02,-3.7018,6,PINE_DEVIATION,0.5
ETHUSDT,Segment 4,SHORT,1759996800000,1760011200000,1760688000000,4368.804505,3778.18815,1000.0,135.19,0.5,0.43,2.4,0.93,131.86,13.1857,48,TIME_EXPIRY,0.5
SOLUSDT,Segment 4,SHORT,1760011200000,1760025600000,1760702400000,218.900495,182.741325,1000.0,165.19,0.5,0.42,2.4,0.92,161.87,16.1868,48,TIME_EXPIRY,0.5
ETHUSDT,Segment 4,LONG,1761508800000,1761523200000,1761840000000,4158.43818,3704.32345,1000.0,-109.2,0.5,0.45,1.15,0.95,-111.3,-11.1299,23,STRUCTURAL_SL,0.5
SOLUSDT,Segment 4,LONG,1761480000000,1761494400000,1762142400000,199.51971,174.252097,1000.0,-126.64,0.5,0.44,2.3,0.94,-129.88,-12.9879,46,STRUCTURAL_SL,0.5
ETHUSDT,Segment 4,SHORT,1762128000000,1762142400000,1762819200000,3732.87263,3606.0021,1000.0,33.99,0.5,0.48,2.4,0.98,30.6,3.0604,48,TIME_EXPIRY,0.5
SOLUSDT,Segment 4,LONG,1762732800000,1762747200000,1762833600000,168.084,163.79806,1000.0,-25.5,0.5,0.49,0.35,0.99,-26.84,-2.6836,7,PINE_DEVIATION,0.5
ETHUSDT,Segment 4,SHORT,1763049600000,1763064000000,1763740800000,3194.62189,2751.99531,1000.0,138.55,0.5,0.43,2.4,0.93,135.22,13.5223,48,TIME_EXPIRY,0.5
SOLUSDT,Segment 4,SHORT,1763049600000,1763064000000,1763740800000,142.578675,128.114025,1000.0,101.45,0.5,0.45,2.4,0.95,98.1,9.8101,48,TIME_EXPIRY,0.5
SOLUSDT,Segment 4,LONG,1764000000000,1764014400000,1764072000000,137.258595,134.682625,1000.0,-18.77,0.5,0.49,0.25,0.99,-20.01,-2.0008,5,PINE_DEVIATION,0.5
ETHUSDT,Segment 4,LONG,1764000000000,1764014400000,1764691200000,2959.288905,3013.102695,1000.0,18.18,0.5,0.51,2.4,1.01,14.78,1.4776,48,TIME_EXPIRY,0.5
SOLUSDT,Segment 4,LONG,1764086400000,1764100800000,1764777600000,136.678305,141.159385,1000.0,32.79,0.5,0.52,2.4,1.02,29.37,2.9369,48,TIME_EXPIRY,0.5
ETHUSDT,Segment 4,LONG,1764777600000,1764792000000,1765108800000,3128.353395,2916.126706,1000.0,-67.84,0.5,0.47,1.15,0.97,-69.96,-6.9956,23,STRUCTURAL_SL,0.5
SOLUSDT,Segment 4,SHORT,1764950400000,1764964800000,1765641600000,132.343795,132.74634,1000.0,-3.04,0.5,0.5,2.4,1.0,-6.44,-0.6443,48,TIME_EXPIRY,0.5
ETHUSDT,Segment 4,LONG,1765281600000,1765296000000,1765814400000,3246.54246,2945.523683,1000.0,-92.72,0.5,0.45,1.85,0.95,-95.52,-9.5523,37,STRUCTURAL_SL,0.5
SOLUSDT,Segment 4,SHORT,1765800000000,1765814400000,1765886400000,126.71661,129.754845,1000.0,-23.98,0.5,0.51,0.3,1.01,-25.29,-2.5289,6,PINE_DEVIATION,0.5
ETHUSDT,Segment 4,SHORT,1765814400000,1765828800000,1766505600000,2937.21066,2944.181355,1000.0,-2.37,0.5,0.5,2.4,1.0,-5.77,-0.5774,48,TIME_EXPIRY,0.5
SOLUSDT,Segment 4,SHORT,1765900800000,1765915200000,1766592000000,127.61616,122.88141,1000.0,37.1,0.5,0.48,2.4,0.98,33.72,3.372,48,TIME_EXPIRY,0.5
SOLUSDT,Segment 4,SHORT,1766692800000,1766707200000,1766707200000,119.890025,122.671305,1000.0,-23.2,0.5,0.51,0.05,1.01,-24.26,-2.426,1,PINE_DEVIATION,0.5
ETHUSDT,Segment 4,LONG,1766966400000,1766980800000,1766995200000,3043.82115,2957.04074,1000.0,-28.51,0.5,0.49,0.1,0.99,-29.6,-2.9596,2,PINE_DEVIATION,0.5
ETHUSDT,Segment 4,LONG,1767355200000,1767369600000,1768046400000,3086.632545,3092.57294,1000.0,1.92,0.5,0.5,2.4,1.0,-1.48,-0.1476,48,TIME_EXPIRY,0.5
SOLUSDT,Segment 4,LONG,1767484800000,1767499200000,1768176000000,134.617275,142.418755,1000.0,57.95,0.5,0.53,2.4,1.03,54.52,5.4524,48,TIME_EXPIRY,0.5
SOLUSDT,Segment 4,LONG,1768176000000,1768190400000,1768233600000,142.561245,140.86953,1000.0,-11.87,0.5,0.49,0.2,0.99,-13.06,-1.3061,4,PINE_DEVIATION,0.5
SOLUSDT,Segment 4,LONG,1768305600000,1768320000000,1768780800000,143.49171,132.345895,1000.0,-77.68,0.5,0.46,1.65,0.96,-80.29,-8.0287,33,STRUCTURAL_SL,0.5
ETHUSDT,Segment 4,LONG,1768305600000,1768320000000,1768910400000,3184.701555,3031.586755,1000.0,-48.08,0.5,0.48,2.1,0.98,-51.15,-5.1154,42,STRUCTURAL_SL,0.5
SOLUSDT,Segment 4,SHORT,1769356800000,1769371200000,1770048000000,117.811065,103.881915,1000.0,118.23,0.5,0.44,2.4,0.94,114.89,11.4892,48,TIME_EXPIRY,0.5
SOLUSDT,Segment 4,SHORT,1770782400000,1770796800000,1771128000000,80.909525,90.675621,1000.0,-120.7,0.5,0.56,1.2,1.06,-122.96,-12.2964,24,STRUCTURAL_SL,0.5
ETHUSDT,Segment 4,SHORT,1770782400000,1770796800000,1771473600000,1948.575225,1981.81041,1000.0,-17.06,0.5,0.51,2.4,1.01,-20.46,-2.0465,48,TIME_EXPIRY,0.5
ETHUSDT,Segment 4,SHORT,1771502400000,1771516800000,1771545600000,1924.247395,1955.03703,1000.0,-16.0,0.5,0.51,0.15,1.01,-17.16,-1.7159,3,PINE_DEVIATION,0.5
ETHUSDT,Segment 4,SHORT,1771804800000,1771819200000,1772496000000,1859.999535,2008.693845,1000.0,-79.94,0.5,0.54,2.4,1.04,-83.38,-8.3383,48,TIME_EXPIRY,0.5
SOLUSDT,Segment 4,LONG,1772035200000,1772049600000,1772726400000,89.4447,88.63566,1000.0,-9.05,0.5,0.5,2.4,1.0,-12.44,-1.2441,48,TIME_EXPIRY,0.5
ETHUSDT,Segment 4,LONG,1772625600000,1772640000000,1773316800000,2150.364645,2070.3643,1000.0,-37.2,0.5,0.48,2.4,0.98,-40.58,-4.0585,48,TIME_EXPIRY,0.5
ETHUSDT,Segment 4,LONG,1773604800000,1773619200000,1774296000000,2178.818865,2149.934495,1000.0,-13.26,0.5,0.49,2.4,0.99,-16.65,-1.665,48,TIME_EXPIRY,0.5
SOLUSDT,Segment 4,LONG,1773604800000,1773619200000,1774296000000,92.32614,91.3543,1000.0,-10.53,0.5,0.49,2.4,0.99,-13.92,-1.3921,48,TIME_EXPIRY,0.5
SOLUSDT,Segment 4,LONG,1774425600000,1774440000000,1774440000000,92.996475,91.67414,1000.0,-14.22,0.5,0.49,0.05,0.99,-15.26,-1.5262,1,PINE_DEVIATION,0.5
SOLUSDT,Segment 4,SHORT,1774512000000,1774526400000,1775203200000,87.466245,80.170065,1000.0,83.42,0.5,0.46,2.4,0.96,80.06,8.0059,48,TIME_EXPIRY,0.5
ETHUSDT,Segment 4,SHORT,1774598400000,1774612800000,1775289600000,1989.24488,2052.08553,1000.0,-31.59,0.5,0.52,2.4,1.02,-35.01,-3.5006,48,TIME_EXPIRY,0.5
SOLUSDT,Segment 4,LONG,1775419200000,1775433600000,1775505600000,81.90093,79.92002,1000.0,-24.19,0.5,0.49,0.3,0.99,-25.47,-2.5475,6,PINE_DEVIATION,0.5
ETHUSDT,Segment 4,LONG,1775419200000,1775433600000,1775563200000,2110.41468,2078.22037,1000.0,-15.25,0.5,0.49,0.5,0.99,-16.75,-1.6747,10,PINE_DEVIATION,0.5
ETHUSDT,Segment 4,LONG,1775577600000,1775592000000,1776268800000,2113.57626,2372.51315,1000.0,122.51,0.5,0.56,2.4,1.06,119.05,11.905,48,TIME_EXPIRY,0.5
SOLUSDT,Segment 4,LONG,1775577600000,1775592000000,1776268800000,81.62079,85.43726,1000.0,46.76,0.5,0.52,2.4,1.02,43.34,4.3335,48,TIME_EXPIRY,0.5
SOLUSDT,Segment 4,LONG,1776355200000,1776369600000,1777046400000,90.10503,86.246855,1000.0,-42.82,0.5,0.48,2.4,0.98,-46.2,-4.6197,48,TIME_EXPIRY,0.5
ETHUSDT,Segment 4,LONG,1776427200000,1776441600000,1777118400000,2441.930355,2305.496675,1000.0,-55.87,0.5,0.47,2.4,0.97,-59.24,-5.9243,48,TIME_EXPIRY,0.5
ACHUSDT,Segment 1,LONG,1777104000000,1777118400000,1777132800000,0.006499,0.006404,1000.0,-14.69,0.5,0.49,0.1,0.99,-15.78,-1.5779,2,PINE_DEVIATION,0.5
AIOTUSDT,Segment 1,LONG,1777132800000,1777147200000,1777161600000,0.061291,0.053523,1000.0,-126.73,0.5,0.44,0.1,0.94,-127.77,-12.7767,2,PINE_DEVIATION,0.5
BANUSDT,Segment 1,LONG,1777118400000,1777132800000,1777204800000,0.093357,0.070873,1000.0,-240.83,0.5,0.38,0.3,0.88,-242.01,-24.2012,6,STRUCTURAL_SL,0.5
0GUSDT,Segment 1,SHORT,1777161600000,1777176000000,1777248000000,0.555422,0.598611,1000.0,-77.76,0.5,0.54,0.3,1.04,-79.1,-7.9097,6,STRUCTURAL_SL,0.5
NILUSDT,Segment 1,LONG,1777075200000,1777089600000,1777478400000,0.043352,0.037422,1000.0,-136.78,0.5,0.43,1.4,0.93,-139.11,-13.9108,28,STRUCTURAL_SL,0.5
1000000MOGUSDT,Segment 1,SHORT,1777478400000,1777492800000,1777593600000,0.147426,0.150375,1000.0,-20.0,0.5,0.51,0.4,1.01,-21.41,-2.1413,8,PINE_DEVIATION,0.5
INJUSDT,Segment 1,LONG,1777089600000,1777104000000,1777780800000,3.485742,3.754122,1000.0,76.99,0.5,0.54,2.4,1.04,73.56,7.3555,48,TIME_EXPIRY,0.5
XAIUSDT,Segment 1,LONG,1777089600000,1777104000000,1777780800000,0.011056,0.011104,1000.0,4.42,0.5,0.5,2.4,1.0,1.02,0.1023,48,TIME_EXPIRY,0.5
AUCTIONUSDT,Segment 1,LONG,1777780800000,1777795200000,1777795200000,4.844421,4.802598,1000.0,-8.63,0.5,0.5,0.05,1.0,-9.68,-0.9679,1,PINE_DEVIATION,0.5
ACTUSDT,Segment 1,LONG,1777795200000,1777809600000,1777838400000,0.014757,0.014593,1000.0,-11.16,0.5,0.49,0.15,0.99,-12.3,-1.2303,3,PINE_DEVIATION,0.5
BROCCOLIF3BUSDT,Segment 1,SHORT,1777838400000,1777852800000,1777852800000,0.003988,0.004095,1000.0,-26.84,0.5,0.51,0.05,1.01,-27.9,-2.7904,1,PINE_DEVIATION,0.5
AINUSDT,Segment 1,LONG,1777204800000,1777219200000,1777896000000,0.075408,0.098671,1000.0,308.5,0.5,0.65,2.4,1.15,304.94,30.4942,48,TIME_EXPIRY,0.5
1000PEPEUSDT,Segment 1,LONG,1777248000000,1777262400000,1777939200000,0.003999,0.004034,1000.0,8.85,0.5,0.5,2.4,1.0,5.44,0.5445,48,TIME_EXPIRY,0.5
ASRUSDT,Segment 1,SHORT,1777780800000,1777795200000,1778083200000,1.218391,1.279219,1000.0,-49.93,0.5,0.52,1.05,1.02,-52.0,-5.2,21,STRUCTURAL_SL,0.5
1000SHIBUSDT,Segment 1,LONG,1777593600000,1777608000000,1778284800000,0.00635,0.006477,1000.0,19.93,0.5,0.51,2.4,1.01,16.52,1.6524,48,TIME_EXPIRY,0.5
4USDT,Segment 1,LONG,1777852800000,1777867200000,1778544000000,0.013516,0.012712,1000.0,-59.49,0.5,0.47,2.4,0.97,-62.86,-6.2865,48,TIME_EXPIRY,0.5
AGTUSDT,Segment 1,SHORT,1777896000000,1777910400000,1778587200000,0.01593,0.013932,1000.0,125.43,0.5,0.44,2.4,0.94,122.09,12.209,48,TIME_EXPIRY,0.5
0GUSDT,Segment 1,SHORT,1778587200000,1778601600000,1778601600000,0.548026,0.558379,1000.0,-18.89,0.5,0.51,0.05,1.01,-19.95,-1.9951,1,PINE_DEVIATION,0.5
1000CATUSDT,Segment 1,LONG,1777939200000,1777953600000,1778630400000,0.002131,0.002204,1000.0,34.18,0.5,0.52,2.4,1.02,30.76,3.0759,48,TIME_EXPIRY,0.5
CGPTUSDT,Segment 1,LONG,1778601600000,1778616000000,1778673600000,0.032276,0.031574,1000.0,-21.75,0.5,0.49,0.25,0.99,-22.99,-2.2987,5,PINE_DEVIATION,0.5
ARKMUSDT,Segment 1,LONG,1778630400000,1778644800000,1778688000000,0.146173,0.13457,1000.0,-79.38,0.5,0.46,0.2,0.96,-80.54,-8.0536,4,STRUCTURAL_SL,0.5
AIOUSDT,Segment 1,SHORT,1778544000000,1778558400000,1778760000000,0.098591,0.12282,1000.0,-245.75,0.5,0.62,0.75,1.12,-247.63,-24.7626,15,STRUCTURAL_SL,0.5
ARKMUSDT,Segment 1,SHORT,1778688000000,1778702400000,1778760000000,0.132634,0.137069,1000.0,-33.44,0.5,0.52,0.25,1.02,-34.7,-3.4704,5,PINE_DEVIATION,0.5
ALLOUSDT,Segment 1,SHORT,1778083200000,1778097600000,1778774400000,0.109015,0.088604,1000.0,187.23,0.5,0.41,2.4,0.91,183.93,18.3926,48,TIME_EXPIRY,0.5
DODOXUSDT,Segment 1,LONG,1778760000000,1778774400000,1778846400000,0.023183,0.018456,1000.0,-203.88,0.5,0.4,0.3,0.9,-205.08,-20.5076,6,STRUCTURAL_SL,0.5
1000RATSUSDT,Segment 1,SHORT,1778846400000,1778860800000,1778875200000,0.033993,0.034877,1000.0,-26.02,0.5,0.51,0.1,1.01,-27.13,-2.7131,2,PINE_DEVIATION,0.5
AVAAIUSDT,Segment 1,LONG,1778284800000,1778299200000,1778976000000,0.007634,0.007271,1000.0,-47.48,0.5,0.48,2.4,0.98,-50.86,-5.0856,48,TIME_EXPIRY,0.5
0GUSDT,Segment 1,SHORT,1778673600000,1778688000000,1779364800000,0.54073,0.494247,1000.0,85.96,0.5,0.46,2.4,0.96,82.61,8.2606,48,TIME_EXPIRY,0.5
DUSKUSDT,Segment 1,LONG,1778760000000,1778774400000,1779451200000,0.142321,0.151364,1000.0,63.54,0.5,0.53,2.4,1.03,60.11,6.0109,48,TIME_EXPIRY,0.5
ARKMUSDT,Segment 1,SHORT,1778774400000,1778788800000,1779465600000,0.135232,0.130465,1000.0,35.25,0.5,0.48,2.4,0.98,31.87,3.1869,48,TIME_EXPIRY,0.5
BTCDOMUSDT,Segment 1,SHORT,1779451200000,1779465600000,1779465600000,5528.53435,5576.08665,1000.0,-8.6,0.5,0.5,0.05,1.0,-9.66,-0.9656,1,PINE_DEVIATION,0.5
AEROUSDT,Segment 1,LONG,1779364800000,1779379200000,1779508800000,0.441721,0.414393,1000.0,-61.87,0.5,0.47,0.5,0.97,-63.34,-6.3336,10,PINE_DEVIATION,0.5
CHIPUSDT,Segment 1,SHORT,1778875200000,1778889600000,1779566400000,0.057081,0.047974,1000.0,159.55,0.5,0.42,2.4,0.92,156.23,15.6232,48,TIME_EXPIRY,0.5
BEATUSDT,Segment 1,LONG,1778976000000,1778990400000,1779667200000,0.617409,1.226586,1000.0,986.67,0.5,0.99,2.4,1.49,982.78,98.2776,48,TIME_EXPIRY,0.5
1000PEPEUSDT,Segment 2,SHORT,1779667200000,1779681600000,1779782400000,0.003552,0.003612,1000.0,-16.66,0.5,0.51,0.4,1.01,-18.07,-1.8068,8,PINE_DEVIATION,0.5
ANKRUSDT,Segment 2,LONG,1779782400000,1779796800000,1779940800000,0.004751,0.004416,1000.0,-70.68,0.5,0.46,0.55,0.96,-72.19,-7.2195,11,STRUCTURAL_SL,0.5
ALPINEUSDT,Segment 2,SHORT,1779940800000,1779955200000,1779969600000,0.396502,0.434095,1000.0,-94.81,0.5,0.55,0.1,1.05,-95.96,-9.596,2,STRUCTURAL_SL,0.5
AIGENSYNUSDT,Segment 1,SHORT,1779969600000,1779984000000,1779984000000,0.026557,0.028454,1000.0,-71.45,0.5,0.54,0.05,1.04,-72.54,-7.2537,1,PINE_DEVIATION,0.5
ARUSDT,Segment 2,LONG,1779984000000,1779998400000,1779998400000,2.251125,2.21989,1000.0,-13.88,0.5,0.49,0.05,0.99,-14.92,-1.4919,1,PINE_DEVIATION,0.5
ARCUSDT,Segment 2,LONG,1779998400000,1780012800000,1780012800000,0.071826,0.066087,1000.0,-79.9,0.5,0.46,0.05,0.96,-80.91,-8.0911,1,PINE_DEVIATION,0.5
0GUSDT,Segment 1,SHORT,1779465600000,1779480000000,1780156800000,0.474263,0.426913,1000.0,99.84,0.5,0.45,2.4,0.95,96.49,9.6488,48,TIME_EXPIRY,0.5
1000SATSUSDT,Segment 1,SHORT,1779465600000,1779480000000,1780156800000,1.3e-05,1.2e-05,1000.0,92.7,0.5,0.45,2.4,0.95,89.34,8.9343,48,TIME_EXPIRY,0.5
1000000MOGUSDT,Segment 1,SHORT,1779508800000,1779523200000,1780200000000,0.131834,0.131866,1000.0,-0.24,0.5,0.5,2.4,1.0,-3.64,-0.3642,48,TIME_EXPIRY,0.5
ALLOUSDT,Segment 2,LONG,1779566400000,1779580800000,1780257600000,0.092476,0.272104,1000.0,1942.42,0.5,1.47,2.4,1.97,1938.05,193.8049,48,TIME_EXPIRY,0.5
1000LUNCUSDT,Segment 2,LONG,1780257600000,1780272000000,1780272000000,0.087454,0.084708,1000.0,-31.4,0.5,0.48,0.05,0.98,-32.43,-3.2435,1,PINE_DEVIATION,0.5
1000FLOKIUSDT,Segment 2,LONG,1780272000000,1780286400000,1780401600000,0.029135,0.026472,1000.0,-91.38,0.5,0.45,0.45,0.95,-92.78,-9.2782,9,STRUCTURAL_SL,0.5
EULUSDT,Segment 2,LONG,1780156800000,1780171200000,1780444800000,1.346573,1.173933,1000.0,-128.21,0.5,0.44,1.0,0.94,-130.14,-13.0142,20,STRUCTURAL_SL,0.5
1000000BOBUSDT,Segment 2,SHORT,1780401600000,1780416000000,1780488000000,0.013973,0.014477,1000.0,-36.09,0.5,0.52,0.3,1.02,-37.4,-3.7404,6,PINE_DEVIATION,0.5
BROCCOLIF3BUSDT,Segment 2,LONG,1780156800000,1780171200000,1780531200000,0.005343,0.004768,1000.0,-107.62,0.5,0.45,1.3,0.95,-109.87,-10.9869,26,STRUCTURAL_SL,0.5
ARUSDT,Segment 2,LONG,1780012800000,1780027200000,1780660800000,2.352175,1.974413,1000.0,-160.6,0.5,0.42,2.25,0.92,-163.77,-16.3771,45,STRUCTURAL_SL,0.5
AIAUSDT,Segment 2,LONG,1780200000000,1780214400000,1780891200000,0.070015,0.056412,1000.0,-194.29,0.5,0.4,2.4,0.9,-197.59,-19.7593,48,TIME_EXPIRY,0.5
4USDT,Segment 2,SHORT,1780444800000,1780459200000,1780934400000,0.008081,0.009876,1000.0,-222.13,0.5,0.61,1.7,1.11,-224.94,-22.4943,34,STRUCTURAL_SL,0.5
1000000MOGUSDT,Segment 2,SHORT,1780488000000,1780502400000,1781179200000,0.121939,0.108454,1000.0,110.59,0.5,0.44,2.4,0.94,107.24,10.7242,48,TIME_EXPIRY,0.5
1000SATSUSDT,Segment 2,SHORT,1780531200000,1780545600000,1781222400000,1.1e-05,1e-05,1000.0,92.93,0.5,0.45,2.4,0.95,89.58,8.9579,48,TIME_EXPIRY,0.5
AWEUSDT,Segment 2,SHORT,1780660800000,1780675200000,1781352000000,0.050955,0.053847,1000.0,-56.76,0.5,0.53,2.4,1.03,-60.19,-6.0193,48,TIME_EXPIRY,0.5
ALGOUSDT,Segment 2,SHORT,1781179200000,1781193600000,1781539200000,0.086557,0.099266,1000.0,-146.83,0.5,0.57,1.25,1.07,-149.16,-14.9156,25,STRUCTURAL_SL,0.5
AGTUSDT,Segment 2,LONG,1780891200000,1780905600000,1781582400000,0.016535,0.014571,1000.0,-118.81,0.5,0.44,2.4,0.94,-122.15,-12.215,48,TIME_EXPIRY,0.5
1000RATSUSDT,Segment 2,LONG,1780934400000,1780948800000,1781625600000,0.030705,0.028476,1000.0,-72.61,0.5,0.46,2.4,0.96,-75.98,-7.5976,48,TIME_EXPIRY,0.5
1000XECUSDT,Segment 2,LONG,1781582400000,1781596800000,1781712000000,0.005689,0.005576,1000.0,-19.8,0.5,0.49,0.45,0.99,-21.24,-2.1239,9,PINE_DEVIATION,0.5
1000SATSUSDT,Segment 2,LONG,1781625600000,1781640000000,1781712000000,1e-05,1e-05,1000.0,-26.97,0.5,0.49,0.3,0.99,-28.26,-2.826,6,PINE_DEVIATION,0.5
ACTUSDT,Segment 2,LONG,1781352000000,1781366400000,1781755200000,0.010515,0.008889,1000.0,-154.67,0.5,0.42,1.4,0.92,-156.99,-15.6995,28,STRUCTURAL_SL,0.5
ACTUSDT,Segment 2,SHORT,1781755200000,1781769600000,1781870400000,0.008966,0.010654,1000.0,-188.34,0.5,0.59,0.4,1.09,-189.84,-18.9835,8,STRUCTURAL_SL,0.5
AINUSDT,Segment 2,LONG,1781222400000,1781236800000,1781913600000,0.098029,0.077211,1000.0,-212.36,0.5,0.39,2.4,0.89,-215.66,-21.5656,48,TIME_EXPIRY,0.5
ACTUSDT,Segment 2,LONG,1781870400000,1781884800000,1782072000000,0.011066,0.008892,1000.0,-196.44,0.5,0.4,0.7,0.9,-198.04,-19.8043,14,STRUCTURAL_SL,0.5
0GUSDT,Segment 2,SHORT,1782072000000,1782086400000,1782100800000,0.26017,0.265333,1000.0,-19.84,0.5,0.51,0.1,1.01,-20.95,-2.0954,2,PINE_DEVIATION,0.5
EDGEUSDT,Segment 2,SHORT,1781539200000,1781553600000,1782230400000,0.345327,0.384992,1000.0,-114.86,0.5,0.56,2.4,1.06,-118.32,-11.832,48,TIME_EXPIRY,0.5
ALCHUSDT,Segment 2,SHORT,1782230400000,1782244800000,1782360000000,0.066817,0.07419,1000.0,-110.35,0.5,0.56,0.45,1.06,-111.86,-11.1859,9,STRUCTURAL_SL,0.5
AIGENSYNUSDT,Segment 2,SHORT,1781712000000,1781726400000,1782403200000,0.023978,0.021031,1000.0,122.92,0.5,0.44,2.4,0.94,119.59,11.9586,48,TIME_EXPIRY,0.5
BIRBUSDT,Segment 2,SHORT,1781712000000,1781726400000,1782403200000,0.072514,0.061831,1000.0,147.32,0.5,0.43,2.4,0.93,144.0,14.3995,48,TIME_EXPIRY,0.5
ACUUSDT,Segment 2,LONG,1781913600000,1781928000000,1782604800000,0.084702,0.084918,1000.0,2.54,0.5,0.5,2.4,1.0,-0.86,-0.0861,48,TIME_EXPIRY,0.5
1000000BOBUSDT,Segment 2,LONG,1782100800000,1782115200000,1782792000000,0.014557,0.016152,1000.0,109.54,0.5,0.55,2.4,1.05,106.09,10.6088,48,TIME_EXPIRY,0.5
ALCHUSDT,Segment 2,LONG,1782360000000,1782374400000,1782806400000,0.074627,0.06506,1000.0,-128.2,0.5,0.44,1.55,0.94,-130.69,-13.0691,31,STRUCTURAL_SL,0.5
1000RATSUSDT,Segment 2,SHORT,1782806400000,1782820800000,1782820800000,0.029285,0.029625,1000.0,-11.59,0.5,0.51,0.05,1.01,-12.65,-1.2647,1,PINE_DEVIATION,0.5
AGTUSDT,Segment 2,SHORT,1782792000000,1782806400000,1782849600000,0.019706,0.023014,1000.0,-167.86,0.5,0.58,0.2,1.08,-169.14,-16.9139,4,STRUCTURAL_SL,0.5
1INCHUSDT,Segment 2,SHORT,1782849600000,1782864000000,1783065600000,0.065567,0.072131,1000.0,-100.1,0.5,0.55,0.75,1.05,-101.9,-10.1901,15,STRUCTURAL_SL,0.5
AINUSDT,Segment 2,LONG,1782403200000,1782417600000,1783094400000,0.087624,0.083088,1000.0,-51.76,0.5,0.47,2.4,0.97,-55.13,-5.5134,48,TIME_EXPIRY,0.5
ALGOUSDT,Segment 2,SHORT,1782403200000,1782417600000,1783094400000,0.084158,0.090145,1000.0,-71.14,0.5,0.54,2.4,1.04,-74.58,-7.4577,48,TIME_EXPIRY,0.5
BATUSDT,Segment 2,SHORT,1782820800000,1782835200000,1783267200000,0.07926,0.088809,1000.0,-120.47,0.5,0.56,1.55,1.06,-123.08,-12.3083,31,STRUCTURAL_SL,0.5
ACTUSDT,Segment 2,LONG,1782604800000,1782619200000,1783296000000,0.009045,0.009215,1000.0,18.89,0.5,0.51,2.4,1.01,15.48,1.5483,48,TIME_EXPIRY,0.5
CCUSDT,Segment 3,LONG,1783296000000,1783310400000,1783324800000,0.143031,0.141279,1000.0,-12.25,0.5,0.49,0.1,0.99,-13.34,-1.3344,2,PINE_DEVIATION,0.5
1000CATUSDT,Segment 2,LONG,1783065600000,1783080000000,1783756800000,0.001383,0.001339,1000.0,-31.36,0.5,0.48,2.4,0.98,-34.74,-3.4744,48,TIME_EXPIRY,0.5
ALICEUSDT,Segment 2,LONG,1783094400000,1783108800000,1783785600000,0.131866,0.124938,1000.0,-52.54,0.5,0.47,2.4,0.97,-55.91,-5.5915,48,TIME_EXPIRY,0.5
CHILLGUYUSDT,Segment 2,LONG,1783094400000,1783108800000,1783785600000,0.009623,0.010105,1000.0,50.1,0.5,0.53,2.4,1.03,46.68,4.6678,48,TIME_EXPIRY,0.5
AVAAIUSDT,Segment 3,LONG,1783785600000,1783800000000,1783800000000,0.005655,0.005547,1000.0,-19.03,0.5,0.49,0.05,0.99,-20.07,-2.0069,1,PINE_DEVIATION,0.5
BROCCOLI714USDT,Segment 3,LONG,1783267200000,1783281600000,1783958400000,0.013357,0.012724,1000.0,-47.4,0.5,0.48,2.4,0.98,-50.77,-5.0771,48,TIME_EXPIRY,0.5
2ZUSDT,Segment 3,LONG,1783324800000,1783339200000,1784016000000,0.069715,0.069575,1000.0,-2.0,0.5,0.5,2.4,1.0,-5.4,-0.5402,48,TIME_EXPIRY,0.5
1000000MOGUSDT,Segment 3,SHORT,1783958400000,1783972800000,1784030400000,0.10085,0.109077,1000.0,-81.58,0.5,0.54,0.25,1.04,-82.87,-8.2869,5,STRUCTURAL_SL,0.5
1000000MOGUSDT,Segment 3,LONG,1784030400000,1784044800000,1784260800000,0.108354,0.100136,1000.0,-75.84,0.5,0.46,0.8,0.96,-77.61,-7.7607,16,STRUCTURAL_SL,0.5
1000000MOGUSDT,Segment 3,SHORT,1784260800000,1784275200000,1784332800000,0.10015,0.102151,1000.0,-19.98,0.5,0.51,0.25,1.01,-21.24,-2.1242,5,PINE_DEVIATION,0.5
1MBABYDOGEUSDT,Segment 3,LONG,1783756800000,1783771200000,1784448000000,0.000326,0.0003,1000.0,-79.73,0.5,0.46,2.4,0.96,-83.09,-8.3091,48,TIME_EXPIRY,0.5
CAKEUSDT,Segment 3,LONG,1783785600000,1783800000000,1784476800000,1.445723,1.390604,1000.0,-38.12,0.5,0.48,2.4,0.98,-41.51,-4.1506,48,TIME_EXPIRY,0.5
ACUUSDT,Segment 3,SHORT,1783800000000,1783814400000,1784491200000,0.073863,0.075708,1000.0,-24.98,0.5,0.51,2.4,1.01,-28.39,-2.8388,48,TIME_EXPIRY,0.5
AGTUSDT,Segment 3,LONG,1784016000000,1784030400000,1784707200000,0.014466,0.012854,1000.0,-111.48,0.5,0.44,2.4,0.94,-114.82,-11.4822,48,TIME_EXPIRY,0.5
AVNTUSDT,Segment 3,SHORT,1784332800000,1784347200000,1785024000000,0.090055,0.090045,1000.0,0.11,0.5,0.5,2.4,1.0,-3.29,-0.3289,48,TIME_EXPIRY,0.5
BLURUSDT,Segment 3,SHORT,1784448000000,1784462400000,1785139200000,0.015582,0.015078,1000.0,32.39,0.5,0.48,2.4,0.98,29.0,2.9004,48,TIME_EXPIRY,0.5
AIOUSDT,Segment 3,LONG,1784476800000,1784491200000,1785168000000,0.113657,0.108776,1000.0,-42.95,0.5,0.48,2.4,0.98,-46.33,-4.6325,48,TIME_EXPIRY,0.5
ACEUSDT,Segment 3,LONG,1784491200000,1784505600000,1785182400000,0.084322,0.078861,1000.0,-64.77,0.5,0.47,2.4,0.97,-68.14,-6.8138,48,TIME_EXPIRY,0.5
AIAUSDT,Segment 3,LONG,1784707200000,1784721600000,1785398400000,0.063232,0.063318,1000.0,1.37,0.5,0.5,2.4,1.0,-2.03,-0.2029,48,TIME_EXPIRY,0.5
ATUSDT,Segment 3,SHORT,1785398400000,1785412800000,1785600000000,0.135132,0.143653,1000.0,-63.05,0.5,0.53,0.7,1.03,-64.79,-6.4785,14,STRUCTURAL_SL,0.5
AEROUSDT,Segment 3,LONG,1785139200000,1785153600000,1785614400000,0.439019,0.399502,1000.0,-90.01,0.5,0.45,1.65,0.95,-92.62,-9.2617,33,STRUCTURAL_SL,0.5
AEVOUSDT,Segment 3,LONG,1785614400000,1785628800000,1785643200000,0.02081,0.01978,1000.0,-49.51,0.5,0.48,0.1,0.98,-50.58,-5.0584,2,PINE_DEVIATION,0.5
1MBABYDOGEUSDT,Segment 3,LONG,1785024000000,1785038400000,1785715200000,0.000315,0.000302,1000.0,-41.25,0.5,0.48,2.4,0.98,-44.63,-4.463,48,TIME_EXPIRY,0.5
AIXBTUSDT,Segment 3,LONG,1785643200000,1785657600000,1785715200000,0.017599,0.017331,1000.0,-15.2,0.5,0.49,0.25,0.99,-16.44,-1.644,5,PINE_DEVIATION,0.5
AKEUSDT,Segment 3,LONG,1785600000000,1785614400000,1785729600000,0.00547,0.004429,1000.0,-190.29,0.5,0.4,0.45,0.9,-191.64,-19.1641,9,PINE_DEVIATION,0.5
1000000MOGUSDT,Segment 3,SHORT,1785715200000,1785729600000,1785758400000,0.097451,0.101451,1000.0,-41.04,0.5,0.52,0.15,1.02,-42.21,-4.2211,3,PINE_DEVIATION,0.5
1INCHUSDT,Segment 3,SHORT,1785715200000,1785729600000,1785758400000,0.08042,0.081301,1000.0,-10.95,0.5,0.51,0.15,1.01,-12.11,-1.2109,3,PINE_DEVIATION,0.5
ALPINEUSDT,Segment 3,LONG,1785758400000,1785772800000,1785772800000,0.324162,0.318141,1000.0,-18.57,0.5,0.49,0.05,0.99,-19.62,-1.9615,1,PINE_DEVIATION,0.5
ATOMUSDT,Segment 3,SHORT,1785168000000,1785182400000,1785859200000,1.346326,1.364682,1000.0,-13.63,0.5,0.51,2.4,1.01,-17.04,-1.7041,48,TIME_EXPIRY,0.5
AIGENSYNUSDT,Segment 3,SHORT,1785182400000,1785196800000,1785873600000,0.022519,0.022061,1000.0,20.33,0.5,0.49,2.4,0.99,16.94,1.6936,48,TIME_EXPIRY,0.5
1MBABYDOGEUSDT,Segment 3,LONG,1785859200000,1785873600000,1785916800000,0.000317,0.000309,1000.0,-24.33,0.5,0.49,0.2,0.99,-25.52,-2.5515,4,PINE_DEVIATION,0.5
0GUSDT,Segment 3,SHORT,1785729600000,1785744000000,1786176000000,0.137331,0.156473,1000.0,-139.38,0.5,0.57,1.55,1.07,-142.0,-14.2,31,STRUCTURAL_SL,0.5
ARPAUSDT,Segment 3,LONG,1785758400000,1785772800000,1786449600000,0.008366,0.008682,1000.0,37.71,0.5,0.52,2.4,1.02,34.29,3.429,48,TIME_EXPIRY,0.5
APTUSDT,Segment 3,LONG,1785772800000,1785787200000,1786464000000,0.575388,0.577811,1000.0,4.21,0.5,0.5,2.4,1.0,0.81,0.081,48,TIME_EXPIRY,0.5
APRUSDT,Segment 3,SHORT,1785873600000,1785888000000,1786507200000,0.185507,0.237852,1000.0,-282.17,0.5,0.64,2.2,1.14,-285.51,-28.5511,44,STRUCTURAL_SL,0.5
1000LUNCUSDT,Segment 3,LONG,1786449600000,1786464000000,1786507200000,0.053047,0.050625,1000.0,-45.65,0.5,0.48,0.2,0.98,-46.83,-4.6832,4,PINE_DEVIATION,0.5
AIGENSYNUSDT,Segment 3,SHORT,1785916800000,1785931200000,1786608000000,0.021249,0.02039,1000.0,40.43,0.5,0.48,2.4,0.98,37.05,3.7053,48,TIME_EXPIRY,0.5
APRUSDT,Segment 3,LONG,1786507200000,1786521600000,1786766400000,0.327864,0.184336,1000.0,-437.77,0.5,0.28,0.9,0.78,-439.45,-43.9449,18,STRUCTURAL_SL,0.5
AIAUSDT,Segment 3,LONG,1786176000000,1786190400000,1786867200000,0.068444,0.069325,1000.0,12.87,0.5,0.51,2.4,1.01,9.47,0.9467,48,TIME_EXPIRY,0.5
DUSKUSDT,Segment 4,LONG,1786867200000,1786881600000,1786968000000,0.068234,0.066617,1000.0,-23.7,0.5,0.49,0.35,0.99,-25.04,-2.5042,7,PINE_DEVIATION,0.5
BTCDOMUSDT,Segment 3,SHORT,1786464000000,1786478400000,1787155200000,5453.272,5488.24275,1000.0,-6.41,0.5,0.5,2.4,1.0,-9.82,-0.9816,48,TIME_EXPIRY,0.5
AEROUSDT,Segment 3,SHORT,1786608000000,1786622400000,1787184000000,0.405597,0.455005,1000.0,-121.81,0.5,0.56,2.0,1.06,-124.88,-12.4875,40,STRUCTURAL_SL,0.5
AVAAIUSDT,Segment 3,LONG,1786507200000,1786521600000,1787198400000,0.009188,0.015926,1000.0,733.43,0.5,0.87,2.4,1.37,729.66,72.9662,48,TIME_EXPIRY,0.5
1000000BOBUSDT,Segment 4,SHORT,1786968000000,1786982400000,1787371200000,0.017991,0.01972,1000.0,-96.13,0.5,0.55,1.4,1.05,-98.58,-9.8576,28,STRUCTURAL_SL,0.5
1000SATSUSDT,Segment 4,LONG,1786766400000,1786780800000,1787457600000,1.1e-05,1.2e-05,1000.0,114.85,0.5,0.56,2.4,1.06,111.4,11.1397,48,TIME_EXPIRY,0.5
CTRUSDT,Segment 3,SHORT,1787371200000,1787385600000,1787616000000,0.00806,0.009001,1000.0,-116.77,0.5,0.56,0.85,1.06,-118.68,-11.8682,17,STRUCTURAL_SL,0.5
1000LUNCUSDT,Segment 4,LONG,1787155200000,1787169600000,1787846400000,0.049275,0.054573,1000.0,107.52,0.5,0.55,2.4,1.05,104.07,10.4068,48,TIME_EXPIRY,0.5
1000XECUSDT,Segment 4,LONG,1787184000000,1787198400000,1787875200000,0.006999,0.007024,1000.0,3.57,0.5,0.5,2.4,1.0,0.17,0.0168,48,TIME_EXPIRY,0.5
1000BONKUSDT,Segment 4,LONG,1787198400000,1787212800000,1787889600000,0.002496,0.003071,1000.0,230.43,0.5,0.62,2.4,1.12,226.92,22.6917,48,TIME_EXPIRY,0.5
1000CATUSDT,Segment 4,LONG,1787889600000,1787904000000,1788120000000,0.002051,0.001813,1000.0,-115.95,0.5,0.44,0.8,0.94,-117.7,-11.7696,16,STRUCTURAL_SL,0.5
1000CATUSDT,Segment 4,SHORT,1788120000000,1788134400000,1788134400000,0.001817,0.001854,1000.0,-20.27,0.5,0.51,0.05,1.01,-21.33,-2.1332,1,PINE_DEVIATION,0.5
CATIUSDT,Segment 4,LONG,1787457600000,1787472000000,1788148800000,0.050655,0.054273,1000.0,71.41,0.5,0.54,2.4,1.04,67.98,6.7979,48,TIME_EXPIRY,0.5
AIAUSDT,Segment 4,LONG,1787616000000,1787630400000,1788307200000,0.076408,0.078431,1000.0,26.47,0.5,0.51,2.4,1.01,23.06,2.3057,48,TIME_EXPIRY,0.5
1000000BOBUSDT,Segment 4,SHORT,1787846400000,1787860800000,1788537600000,0.016862,0.016948,1000.0,-5.15,0.5,0.5,2.4,1.0,-8.56,-0.8557,48,TIME_EXPIRY,0.5
ARCUSDT,Segment 4,SHORT,1787875200000,1787889600000,1788566400000,0.066677,0.074177,1000.0,-112.49,0.5,0.56,2.4,1.06,-115.95,-11.5946,48,TIME_EXPIRY,0.5
AEVOUSDT,Segment 4,SHORT,1788148800000,1788163200000,1788724800000,0.022239,0.023981,1000.0,-78.35,0.5,0.54,2.0,1.04,-81.39,-8.1389,40,STRUCTURAL_SL,0.5
1000000MOGUSDT,Segment 4,LONG,1788724800000,1788739200000,1788739200000,0.112056,0.110945,1000.0,-9.92,0.5,0.5,0.05,1.0,-10.96,-1.0964,1,PINE_DEVIATION,0.5
0GUSDT,Segment 4,LONG,1788134400000,1788148800000,1788825600000,0.185693,0.191004,1000.0,28.6,0.5,0.51,2.4,1.01,25.19,2.519,48,TIME_EXPIRY,0.5
API3USDT,Segment 4,LONG,1788739200000,1788753600000,1788883200000,0.24022,0.234783,1000.0,-22.64,0.5,0.49,0.5,0.99,-24.12,-2.4124,10,PINE_DEVIATION,0.5
AVAAIUSDT,Segment 4,LONG,1788825600000,1788840000000,1788984000000,0.008865,0.007838,1000.0,-115.92,0.5,0.44,0.55,0.94,-117.42,-11.7416,11,STRUCTURAL_SL,0.5
ALGOUSDT,Segment 4,LONG,1788307200000,1788321600000,1788998400000,0.089745,0.10038,1000.0,118.5,0.5,0.56,2.4,1.06,115.04,11.5043,48,TIME_EXPIRY,0.5
AEROUSDT,Segment 4,LONG,1788537600000,1788552000000,1789228800000,0.50065,0.563718,1000.0,125.97,0.5,0.56,2.4,1.06,122.51,12.2509,48,TIME_EXPIRY,0.5
1000000BOBUSDT,Segment 4,LONG,1788566400000,1788580800000,1789257600000,0.017749,0.02021,1000.0,138.66,0.5,0.57,2.4,1.07,135.19,13.5189,48,TIME_EXPIRY,0.5
AEVOUSDT,Segment 4,LONG,1789257600000,1789272000000,1789488000000,0.022991,0.020809,1000.0,-94.92,0.5,0.45,0.8,0.95,-96.68,-9.6677,16,STRUCTURAL_SL,0.5
ARXUSDT,Segment 4,LONG,1788883200000,1788897600000,1789574400000,0.152476,0.164218,1000.0,77.01,0.5,0.54,2.4,1.04,73.57,7.3568,48,TIME_EXPIRY,0.5
ARPAUSDT,Segment 4,LONG,1789228800000,1789243200000,1789574400000,0.010105,0.009065,1000.0,-102.91,0.5,0.45,1.2,0.95,-105.06,-10.5056,24,STRUCTURAL_SL,0.5
1000BONKUSDT,Segment 4,SHORT,1789488000000,1789502400000,1789588800000,0.002587,0.002659,1000.0,-28.08,0.5,0.51,0.35,1.01,-29.44,-2.944,7,PINE_DEVIATION,0.5
1000CATUSDT,Segment 4,SHORT,1788984000000,1788998400000,1789675200000,0.00202,0.002014,1000.0,2.96,0.5,0.5,2.4,1.0,-0.44,-0.0437,48,TIME_EXPIRY,0.5
APEUSDT,Segment 4,SHORT,1788998400000,1789012800000,1789689600000,0.13903,0.132766,1000.0,45.06,0.5,0.48,2.4,0.98,41.68,4.1678,48,TIME_EXPIRY,0.5
BASEDUSDT,Segment 4,SHORT,1789574400000,1789588800000,1789747200000,0.05964,0.066189,1000.0,-109.8,0.5,0.55,0.6,1.05,-111.46,-11.1457,12,STRUCTURAL_SL,0.5
1000LUNCUSDT,Segment 4,LONG,1789747200000,1789761600000,1789790400000,0.052476,0.051474,1000.0,-19.09,0.5,0.49,0.15,0.99,-20.23,-2.0234,3,PINE_DEVIATION,0.5
ATUSDT,Segment 4,SHORT,1789574400000,1789588800000,1789992000000,0.136632,0.159629,1000.0,-168.32,0.5,0.58,1.45,1.08,-170.85,-17.0851,29,STRUCTURAL_SL,0.5
ENAUSDT,Segment 4,LONG,1789588800000,1789603200000,1790280000000,0.148804,0.224438,1000.0,508.27,0.5,0.75,2.4,1.25,504.62,50.462,48,TIME_EXPIRY,0.5
AAVEUSDT,Segment 4,LONG,1789689600000,1789704000000,1790294400000,134.84739,145.54719,1000.0,79.35,0.5,0.54,2.1,1.04,76.21,7.6208,42,TIME_EXPIRY,0.5
0GUSDT,Segment 4,LONG,1789675200000,1789689600000,1790323200000,0.206803,0.254773,1000.0,231.96,0.5,0.62,2.25,1.12,228.59,22.859,45,TIME_EXPIRY,0.5
1000000BOBUSDT,Segment 4,LONG,1789790400000,1789804800000,1790323200000,0.01903,0.01922,1000.0,10.03,0.5,0.51,1.85,1.01,7.18,0.7175,37,TIME_EXPIRY,0.5
1000CATUSDT,Segment 4,LONG,1789992000000,1790006400000,1790323200000,0.002215,0.002295,1000.0,36.0,0.5,0.52,1.15,1.02,33.83,3.3833,23,TIME_EXPIRY,0.5
CHILLGUYUSDT,Segment 4,SHORT,1790280000000,1790294400000,1790323200000,0.013253,0.01359,1000.0,-25.38,0.5,0.51,0.15,1.01,-26.55,-2.6547,3,PINE_DEVIATION,0.5
AIOTUSDT,Segment 4,LONG,1790294400000,1790308800000,1790323200000,0.051636,0.051824,1000.0,3.65,0.5,0.5,0.1,1.0,2.54,0.2544,2,TIME_EXPIRY,0.5
