scenario_id,mfe_gt_1pct,mfe_gt_2pct,mfe_gt_3pct,mfe_gt_5pct,mfe_gt_10pct,mae_lt_1pct,mae_lt_2pct,mae_lt_3pct,mae_lt_5pct,mae_lt_10pct,seq_1pct_mfe_first,seq_1pct_mae_first,seq_3pct_mfe_first,seq_3pct_mae_first,seq_5pct_mfe_first,seq_5pct_mae_first,sl_atr,holding_bars,latency
SL0.25_HOLD24_LAT0,81.1,69.5,57.7,42.0,21.1,86.4,72.7,59.1,39.6,13.7,36.0,63.2,44.5,41.7,37.7,30.8,0.25,24,0
SL0.25_HOLD24_LAT1,81.1,66.8,57.3,40.1,18.7,84.2,69.7,55.6,37.6,15.4,40.9,57.0,47.1,36.0,37.2,29.8,0.25,24,1
SL0.25_HOLD24_LAT2,78.5,65.5,54.5,39.3,18.0,84.2,68.7,57.9,39.9,13.7,38.2,58.6,42.6,41.7,35.9,32.7,0.25,24,2
SL0.25_HOLD48_LAT0,83.8,73.1,64.0,50.1,31.9,89.5,77.2,64.4,47.7,21.8,40.8,58.4,48.7,38.2,43.0,32.9,0.25,48,0
SL0.25_HOLD48_LAT1,82.9,71.3,61.8,48.6,28.5,87.0,75.2,64.2,45.5,22.2,41.9,56.3,49.0,36.4,41.5,32.7,0.25,48,1
SL0.25_HOLD48_LAT2,77.0,66.6,56.6,44.6,26.6,85.6,72.0,63.2,46.8,22.6,38.0,58.2,43.0,40.8,39.6,33.6,0.25,48,2
SL0.25_HOLD72_LAT0,85.8,76.0,65.8,52.5,34.2,91.2,78.8,68.2,49.2,28.5,42.2,57.2,50.7,38.2,44.5,31.8,0.25,72,0
SL0.25_HOLD72_LAT1,84.1,73.7,63.4,53.1,33.2,90.5,79.8,66.0,49.9,26.3,40.6,57.6,49.9,36.1,45.6,32.4,0.25,72,1
SL0.25_HOLD72_LAT2,81.2,68.9,61.5,47.9,31.1,85.7,73.6,65.9,49.1,25.9,39.8,57.0,47.4,36.8,40.2,34.6,0.25,72,2
SL0.25_HOLD96_LAT0,84.3,77.8,68.3,56.2,40.8,91.7,79.9,68.0,48.2,25.1,44.4,54.7,51.8,36.4,47.9,28.1,0.25,96,0
SL0.25_HOLD96_LAT1,83.8,73.8,64.9,54.0,36.6,91.8,82.0,67.4,50.0,26.8,38.7,59.8,49.7,36.3,46.0,32.6,0.25,96,1
SL0.25_HOLD96_LAT2,82.0,70.1,61.3,49.4,36.6,87.8,76.5,70.4,50.6,25.9,39.6,57.3,44.8,40.5,41.5,33.5,0.25,96,2
SL0.50_HOLD24_LAT0,81.1,69.6,58.3,43.0,22.0,85.8,71.5,57.8,37.9,13.5,36.4,62.8,45.9,40.4,39.4,28.5,0.5,24,0
SL0.50_HOLD24_LAT1,81.7,67.7,57.1,40.6,19.6,84.7,70.3,57.8,39.4,15.8,39.5,58.5,46.3,38.1,36.9,31.5,0.5,24,1
SL0.50_HOLD24_LAT2,78.5,65.9,54.9,39.5,18.5,84.2,68.9,58.2,39.9,14.8,39.8,56.6,42.4,41.5,35.8,32.1,0.5,24,2
SL0.50_HOLD48_LAT0,83.5,73.9,64.7,51.6,33.1,89.4,77.3,63.9,47.3,21.8,41.0,58.2,48.0,39.0,44.7,31.8,0.5,48,0
SL0.50_HOLD48_LAT1,83.1,68.9,60.6,47.0,28.0,87.4,76.0,63.4,45.1,21.5,42.5,55.5,47.6,36.6,40.4,33.9,0.5,48,1
SL0.50_HOLD48_LAT2,76.6,67.4,58.2,46.6,28.0,87.5,72.9,63.3,48.6,24.0,38.0,57.8,45.3,39.2,40.3,34.7,0.5,48,2
SL0.50_HOLD72_LAT0,87.0,78.2,69.5,55.7,37.4,91.0,78.0,68.4,48.8,27.9,43.8,55.4,53.8,36.1,48.3,30.0,0.5,72,0
SL0.50_HOLD72_LAT1,83.6,71.2,60.9,50.7,32.2,89.7,79.4,66.0,49.6,28.0,39.3,58.6,47.0,37.7,43.3,33.5,0.5,72,1
SL0.50_HOLD72_LAT2,80.9,68.3,60.8,47.9,31.2,85.3,72.9,66.2,50.5,26.5,38.7,58.0,45.6,38.7,39.2,35.8,0.5,72,2
SL0.50_HOLD96_LAT0,85.1,77.6,68.3,56.8,41.0,91.3,81.1,69.9,50.6,28.0,44.4,54.7,51.6,37.9,49.1,28.3,0.5,96,0
SL0.50_HOLD96_LAT1,83.2,72.4,63.4,53.1,36.3,91.9,84.2,70.2,52.2,30.1,40.1,57.8,46.0,40.7,44.1,34.2,0.5,96,1
SL0.50_HOLD96_LAT2,84.2,73.4,64.8,54.3,39.5,89.1,78.6,72.7,54.3,31.6,39.1,58.2,45.4,41.1,43.8,35.9,0.5,96,2
SL0.75_HOLD24_LAT0,81.3,68.9,58.1,42.3,21.8,85.3,72.5,58.8,38.7,14.7,38.5,60.5,46.5,40.4,38.9,29.4,0.75,24,0
SL0.75_HOLD24_LAT1,81.1,67.8,57.9,41.5,20.3,84.6,69.0,56.9,38.5,15.9,39.2,59.0,46.6,37.8,37.6,30.6,0.75,24,1
SL0.75_HOLD24_LAT2,78.3,65.6,54.7,39.3,17.3,85.0,70.5,59.4,41.0,16.4,39.0,57.6,42.6,42.1,35.4,33.5,0.75,24,2
SL0.75_HOLD48_LAT0,84.3,73.8,64.3,51.8,33.2,89.5,77.7,64.7,48.9,22.7,39.6,59.6,47.0,40.0,43.3,33.0,0.75,48,0
SL0.75_HOLD48_LAT1,84.6,71.8,62.0,49.2,29.3,86.9,75.9,63.9,46.5,23.2,42.9,55.0,47.3,37.6,41.1,34.4,0.75,48,1
SL0.75_HOLD48_LAT2,76.3,66.7,58.0,44.7,26.7,86.0,72.0,62.3,47.7,24.7,37.9,57.2,44.0,39.3,38.7,34.0,0.75,48,2
SL0.75_HOLD72_LAT0,88.6,78.8,69.0,54.9,37.0,91.0,78.5,68.2,50.3,28.8,45.1,54.3,54.1,36.1,45.9,33.4,0.75,72,0
SL0.75_HOLD72_LAT1,84.7,72.4,62.1,51.1,31.3,90.3,80.8,67.6,51.6,31.6,39.2,58.4,47.9,38.4,43.7,34.2,0.75,72,1
SL0.75_HOLD72_LAT2,81.6,69.9,62.8,48.7,31.1,87.0,75.5,67.8,51.3,28.2,38.8,58.2,47.6,37.8,41.0,35.4,0.75,72,2
SL0.75_HOLD96_LAT0,85.5,77.5,68.0,55.7,38.5,92.6,83.4,72.3,53.5,31.4,44.3,54.8,51.1,38.8,45.5,32.0,0.75,96,0
SL0.75_HOLD96_LAT1,83.1,73.8,65.8,53.7,37.4,91.7,84.3,70.9,55.0,32.3,40.6,56.5,48.6,38.7,45.0,34.8,0.75,96,1
SL0.75_HOLD96_LAT2,82.8,72.9,64.0,52.8,37.3,88.8,78.5,73.3,54.5,33.0,38.9,57.4,45.2,40.3,41.9,36.0,0.75,96,2
SL1.00_HOLD24_LAT0,81.5,69.2,57.7,41.9,21.8,85.6,72.1,58.4,39.3,14.3,38.3,60.7,45.5,40.5,38.2,30.6,1.0,24,0
SL1.00_HOLD24_LAT1,81.4,67.4,57.5,41.5,19.8,84.8,69.8,57.6,38.8,16.2,39.1,59.3,45.7,38.7,38.0,30.6,1.0,24,1
SL1.00_HOLD24_LAT2,79.2,65.9,54.5,39.4,17.3,84.2,69.7,59.2,40.8,16.1,39.4,57.2,41.9,43.1,34.9,33.8,1.0,24,2
SL1.00_HOLD48_LAT0,85.1,74.8,65.8,52.2,32.9,90.1,77.6,64.2,49.1,22.6,40.5,58.7,49.5,36.9,43.4,33.5,1.0,48,0
SL1.00_HOLD48_LAT1,84.1,71.9,62.6,49.0,29.2,87.3,77.2,66.4,48.4,23.7,44.0,53.9,48.8,37.8,41.4,34.9,1.0,48,1
SL1.00_HOLD48_LAT2,77.2,67.2,59.4,45.7,28.5,87.4,72.3,64.0,47.9,23.8,38.1,57.7,44.7,38.9,39.4,34.3,1.0,48,2
SL1.00_HOLD72_LAT0,87.7,77.4,67.8,54.5,37.1,91.0,79.0,67.8,49.6,30.5,43.9,55.0,49.9,39.5,43.1,34.9,1.0,72,0
SL1.00_HOLD72_LAT1,85.0,74.6,63.7,51.6,33.3,90.4,79.8,67.5,51.1,30.6,41.8,56.8,48.1,38.5,42.6,35.0,1.0,72,1
SL1.00_HOLD72_LAT2,82.2,71.1,63.9,50.4,34.1,88.0,76.5,69.1,53.3,28.4,37.5,59.3,47.0,40.4,39.8,39.3,1.0,72,2
SL1.00_HOLD96_LAT0,87.4,79.2,68.9,56.9,39.6,93.1,84.9,73.3,54.1,32.1,44.7,54.4,51.6,39.9,46.2,33.6,1.0,96,0
SL1.00_HOLD96_LAT1,83.3,73.3,64.3,53.7,39.2,92.3,83.9,69.1,53.1,31.2,38.3,59.5,46.0,39.9,43.4,34.7,1.0,96,1
SL1.00_HOLD96_LAT2,82.1,71.9,62.6,52.0,38.4,88.1,79.1,73.8,54.3,32.1,37.4,58.9,41.1,44.0,40.1,37.1,1.0,96,2
SL1.25_HOLD24_LAT0,81.8,69.7,58.7,42.8,22.6,85.8,71.8,57.8,38.8,14.7,38.1,60.9,45.9,39.8,38.8,30.0,1.25,24,0
SL1.25_HOLD24_LAT1,81.7,68.2,57.8,42.2,19.5,84.8,70.2,57.8,38.2,15.3,39.5,58.8,46.2,38.6,38.6,30.1,1.25,24,1
SL1.25_HOLD24_LAT2,79.3,65.6,54.0,38.5,17.1,84.3,69.6,58.7,40.6,16.3,39.7,57.2,41.8,42.8,34.0,33.7,1.25,24,2
SL1.25_HOLD48_LAT0,86.4,76.1,66.4,52.8,33.8,89.7,77.6,64.7,49.4,23.1,41.8,57.3,50.0,37.7,43.8,34.3,1.25,48,0
SL1.25_HOLD48_LAT1,83.4,70.8,61.8,48.3,27.5,86.8,77.1,66.2,48.1,24.4,42.6,55.0,47.7,38.9,40.3,35.5,1.25,48,1
SL1.25_HOLD48_LAT2,77.0,66.9,57.7,44.4,27.0,87.9,73.6,65.5,48.3,24.9,38.9,57.3,42.3,41.6,37.4,34.7,1.25,48,2
SL1.25_HOLD72_LAT0,87.0,77.2,67.1,53.8,37.0,91.8,79.9,68.8,50.8,31.2,41.8,57.1,49.5,39.9,43.5,34.2,1.25,72,0
SL1.25_HOLD72_LAT1,85.7,76.3,66.4,53.4,35.5,90.9,81.8,70.0,53.7,32.2,40.8,57.9,48.2,39.9,42.4,37.5,1.25,72,1
SL1.25_HOLD72_LAT2,83.3,73.9,67.3,53.0,36.1,88.2,77.3,71.2,55.2,29.7,39.1,58.5,50.3,39.7,42.4,39.4,1.25,72,2
SL1.25_HOLD96_LAT0,88.0,80.1,69.8,60.1,41.9,92.7,85.0,72.8,51.8,31.6,44.5,54.5,52.2,39.5,48.5,31.6,1.25,96,0
SL1.25_HOLD96_LAT1,84.2,74.2,66.1,55.2,39.0,93.2,87.4,73.5,55.8,33.5,40.3,58.4,47.7,41.3,44.2,35.8,1.25,96,1
SL1.25_HOLD96_LAT2,82.5,71.7,64.3,52.2,38.0,89.6,79.5,74.7,56.9,34.7,37.4,59.6,41.4,44.8,40.4,38.7,1.25,96,2
SL1.50_HOLD24_LAT0,82.0,70.0,58.3,42.9,22.7,85.0,70.7,56.8,38.6,14.0,39.0,60.0,46.1,39.7,39.0,30.3,1.5,24,0
SL1.50_HOLD24_LAT1,81.6,67.9,57.5,42.2,19.4,84.6,70.2,57.2,37.6,15.1,40.3,58.1,46.1,38.6,39.0,29.7,1.5,24,1
SL1.50_HOLD24_LAT2,78.9,66.1,54.7,39.5,18.4,84.2,68.9,58.1,39.8,16.2,38.5,57.9,41.8,42.1,35.7,32.2,1.5,24,2
SL1.50_HOLD48_LAT0,86.8,75.6,66.4,53.6,34.9,89.0,76.5,64.0,49.7,24.8,41.5,57.6,49.7,37.8,44.2,34.3,1.5,48,0
SL1.50_HOLD48_LAT1,84.0,71.0,62.0,48.6,29.4,85.9,75.9,65.2,47.8,24.7,43.3,54.6,47.8,37.3,41.4,34.8,1.5,48,1
SL1.50_HOLD48_LAT2,78.1,68.4,58.9,45.2,27.9,87.2,72.5,64.5,47.6,25.8,39.8,56.5,43.9,39.8,39.4,34.0,1.5,48,2
SL1.50_HOLD72_LAT0,86.3,75.4,66.1,54.3,36.7,91.3,79.0,67.2,48.7,29.1,44.0,54.9,48.7,39.5,43.4,33.3,1.5,72,0
SL1.50_HOLD72_LAT1,83.4,74.7,65.4,53.4,36.2,90.2,79.8,66.3,49.7,29.2,40.7,57.3,47.5,38.5,41.9,35.7,1.5,72,1
SL1.50_HOLD72_LAT2,83.2,73.4,67.0,53.2,37.3,87.8,75.8,69.4,53.2,29.4,38.8,58.4,50.5,38.2,42.8,38.2,1.5,72,2
SL1.50_HOLD96_LAT0,88.8,80.7,71.2,62.1,45.3,90.9,82.8,70.9,50.5,29.5,45.3,53.7,53.3,38.6,50.5,29.8,1.5,96,0
SL1.50_HOLD96_LAT1,84.2,75.6,66.3,55.3,40.2,92.8,85.6,71.5,54.0,32.6,40.2,58.4,49.5,38.5,45.4,35.1,1.5,96,1
SL1.50_HOLD96_LAT2,82.7,71.2,63.1,50.8,38.3,87.8,76.9,72.5,52.9,31.5,36.3,59.7,42.0,43.4,40.0,36.6,1.5,96,2
