window,period,signals,trades,win_rate,profit_factor,net_pnl_usd,max_dd_pct,avg_trade_usd
Window_A,DEV,7717,411,35.28,1.0835,1341.94,17.24,3.27
Window_A,VAL,3086,33,21.21,0.5505,-641.34,10.04,-19.43
Window_A,HOLD,4631,47,34.04,1.0066,12.47,8.48,0.27
Window_B,DEV,9260,425,34.35,1.0385,643.65,22.04,1.51
Window_B,VAL,3087,33,21.21,2.3072,1770.17,6.61,53.64
Window_B,HOLD,3087,33,48.48,1.8194,784.99,5.45,23.79
Window_C,DEV,10803,443,33.41,0.9926,-129.93,27.7,-0.29
Window_C,VAL,2315,28,25.0,0.8151,-199.01,6.13,-7.11
Window_C,HOLD,2316,27,29.63,1.8645,931.38,7.38,34.5
