holding_bars,latency,sl_transition,delta_pf,delta_pnl_usd,delta_stop_out_pct,delta_holding_bars,delta_max_dd_pct,pf_slope_per_025atr
24,0,0.25 -> 0.50 ATR,0.1034,2792.82,-1.22,0.2,-21.81,0.1034
24,0,0.50 -> 0.75 ATR,-0.0266,-659.28,-1.03,0.1,5.1,-0.0266
24,0,0.75 -> 1.00 ATR,0.0123,320.33,-1.96,0.2,2.51,0.0123
24,0,1.00 -> 1.25 ATR,-0.0175,-318.99,-0.26,0.0,-2.9,-0.0175
24,0,1.25 -> 1.50 ATR,0.0737,1820.01,-1.56,0.3,-16.08,0.0737
24,1,0.25 -> 0.50 ATR,-0.1307,-3075.83,-0.9,0.2,-0.67,-0.1307
24,1,0.50 -> 0.75 ATR,0.0642,1550.52,-1.73,0.1,-3.75,0.0642
24,1,0.75 -> 1.00 ATR,-0.0589,-1244.99,-1.56,0.3,2.1,-0.0589
24,1,1.00 -> 1.25 ATR,-0.0104,-205.27,-0.72,0.0,2.37,-0.0104
24,1,1.25 -> 1.50 ATR,-0.0342,-830.57,-1.66,0.1,5.94,-0.0342
24,2,0.25 -> 0.50 ATR,0.0935,2010.31,-2.46,0.2,-13.88,0.0935
24,2,0.50 -> 0.75 ATR,-0.1251,-2883.37,-0.67,0.4,25.9,-0.1251
24,2,0.75 -> 1.00 ATR,-0.0113,69.95,-2.08,0.3,-0.33,-0.0113
24,2,1.00 -> 1.25 ATR,-0.0252,-679.47,-0.48,-0.1,0.62,-0.0252
24,2,1.25 -> 1.50 ATR,0.1644,3793.0,-1.71,0.1,-33.7,0.1644
48,0,0.25 -> 0.50 ATR,0.1888,4028.59,-0.98,0.9,-19.07,0.1888
48,0,0.50 -> 0.75 ATR,-0.0065,-123.33,-1.44,0.2,-7.99,-0.0065
48,0,0.75 -> 1.00 ATR,-0.0611,-1197.28,-2.62,0.4,3.02,-0.0611
48,0,1.00 -> 1.25 ATR,-0.1252,-2437.86,-1.05,0.9,18.1,-0.1252
48,0,1.25 -> 1.50 ATR,0.044,969.79,-1.67,0.8,-5.88,0.044
48,1,0.25 -> 0.50 ATR,-0.0367,-631.48,-1.83,-0.1,3.24,-0.0367
48,1,0.50 -> 0.75 ATR,-0.0635,-1334.0,-0.43,0.7,15.15,-0.0635
48,1,0.75 -> 1.00 ATR,0.1434,2839.69,-2.81,0.4,-16.74,0.1434
48,1,1.00 -> 1.25 ATR,-0.1418,-3004.72,-0.73,-0.2,12.87,-0.1418
48,1,1.25 -> 1.50 ATR,0.0299,789.27,-2.76,0.6,-6.32,0.0299
48,2,0.25 -> 0.50 ATR,-0.0167,-267.4,-2.36,1.4,-1.58,-0.0167
48,2,0.50 -> 0.75 ATR,-0.0148,-219.41,-3.17,-0.4,5.09,-0.0148
48,2,0.75 -> 1.00 ATR,0.035,739.39,-1.13,0.9,-4.22,0.035
48,2,1.00 -> 1.25 ATR,-0.063,-1254.49,-1.3,-0.6,0.71,-0.063
48,2,1.25 -> 1.50 ATR,0.0208,532.5,-1.45,1.3,-4.15,0.0208
72,0,0.25 -> 0.50 ATR,0.1472,2860.22,-2.57,2.6,-18.55,0.1472
72,0,0.50 -> 0.75 ATR,-0.0319,-562.31,-0.75,1.2,6.83,-0.0319
72,0,0.75 -> 1.00 ATR,0.0389,687.83,-2.93,-0.1,4.49,0.0389
72,0,1.00 -> 1.25 ATR,-0.046,-823.74,-0.87,-0.1,2.08,-0.046
72,0,1.25 -> 1.50 ATR,0.0665,1127.84,-2.45,1.2,-14.25,0.0665
72,1,0.25 -> 0.50 ATR,0.0158,226.61,-0.93,-0.4,2.32,0.0158
72,1,0.50 -> 0.75 ATR,-0.1348,-2726.26,-0.6,0.2,13.96,-0.1348
72,1,0.75 -> 1.00 ATR,0.1488,2944.12,-2.57,1.3,-15.81,0.1488
72,1,1.00 -> 1.25 ATR,-0.0633,-1286.41,-0.63,0.4,5.04,-0.0633
72,1,1.25 -> 1.50 ATR,0.0096,396.06,-3.49,1.1,-6.04,0.0096
72,2,0.25 -> 0.50 ATR,-0.0114,-170.41,-1.83,1.8,-0.56,-0.0114
72,2,0.50 -> 0.75 ATR,-0.1011,-1820.01,-1.0,1.5,6.43,-0.1011
72,2,0.75 -> 1.00 ATR,0.1658,2944.72,-3.14,3.3,-11.39,0.1658
72,2,1.00 -> 1.25 ATR,0.0253,392.27,-1.71,2.8,-11.3,0.0253
72,2,1.25 -> 1.50 ATR,0.0467,677.15,-2.25,0.6,-4.76,0.0467
96,0,0.25 -> 0.50 ATR,0.0395,576.19,-1.66,2.4,1.72,0.0395
96,0,0.50 -> 0.75 ATR,-0.2115,-3398.2,1.29,-0.5,15.9,-0.2115
96,0,0.75 -> 1.00 ATR,0.0976,1669.59,-2.83,1.1,-9.52,0.0976
96,0,1.00 -> 1.25 ATR,0.1881,2737.41,-3.2,2.9,-9.29,0.1881
96,0,1.25 -> 1.50 ATR,0.2166,2280.27,-3.64,3.8,-3.79,0.2166
96,1,0.25 -> 0.50 ATR,-0.114,-1894.38,-1.91,0.7,4.44,-0.114
96,1,0.50 -> 0.75 ATR,-0.0329,-610.5,1.16,1.5,1.9,-0.0329
96,1,0.75 -> 1.00 ATR,0.1469,2506.71,-5.27,0.2,-0.93,0.1469
96,1,1.00 -> 1.25 ATR,0.0733,1190.43,-0.89,0.0,-9.05,0.0733
96,1,1.25 -> 1.50 ATR,-0.0301,-567.02,-3.23,4.3,-4.8,-0.0301
96,2,0.25 -> 0.50 ATR,-0.0641,-983.37,-0.93,4.2,1.83,-0.0641
96,2,0.50 -> 0.75 ATR,-0.1051,-1719.95,0.09,0.0,14.87,-0.1051
96,2,0.75 -> 1.00 ATR,0.1803,2878.17,-4.54,0.4,-12.57,0.1803
96,2,1.00 -> 1.25 ATR,-0.1817,-2898.67,0.42,0.5,6.08,-0.1817
96,2,1.25 -> 1.50 ATR,0.175,2788.34,-4.58,1.0,-5.95,0.175
