scenario_id,decile,start_date,end_date,trades,win_rate,profit_factor,net_pnl_usd,avg_trade_usd,avg_mfe,avg_mae,max_dd_usd
SL0.50_HOLD48_LAT0,Decile_1,2022-03-17,2022-10-13,49,44.9,1.45,800.76,16.34,10.91,-6.37,649.1
SL0.50_HOLD48_LAT0,Decile_2,2022-10-10,2023-06-28,49,28.6,0.81,-309.43,-6.31,7.27,-5.19,865.48
SL0.50_HOLD48_LAT0,Decile_3,2023-06-28,2024-01-17,49,30.6,1.21,317.7,6.48,8.26,-4.8,517.39
SL0.50_HOLD48_LAT0,Decile_4,2024-01-18,2024-08-11,49,44.9,1.13,242.34,4.95,9.56,-5.67,782.5
SL0.50_HOLD48_LAT0,Decile_5,2024-08-12,2025-04-06,49,44.9,1.38,634.54,12.95,10.57,-5.91,459.07
SL0.50_HOLD48_LAT0,Decile_6,2025-04-06,2025-10-26,49,34.7,0.96,-78.21,-1.6,8.43,-5.18,490.5
SL0.50_HOLD48_LAT0,Decile_7,2025-11-03,2026-05-03,49,26.5,0.5,-821.98,-16.78,5.41,-6.32,1107.9
SL0.50_HOLD48_LAT0,Decile_8,2026-04-26,2026-06-16,49,32.7,1.6,1617.11,33.0,18.88,-9.72,1249.08
SL0.50_HOLD48_LAT0,Decile_9,2026-06-13,2026-07-27,49,14.3,0.16,-2503.14,-51.08,10.48,-10.31,2363.09
SL0.50_HOLD48_LAT0,Decile_10,2026-08-04,2026-09-25,49,46.9,1.14,336.58,6.87,14.72,-8.35,991.91
SL0.25_HOLD24_LAT0,Decile_1,2022-03-17,2022-10-25,75,42.7,1.37,727.64,9.7,7.33,-4.71,394.56
SL0.25_HOLD24_LAT0,Decile_2,2022-11-02,2023-08-21,75,30.7,0.77,-423.31,-5.64,5.09,-3.96,622.32
SL0.25_HOLD24_LAT0,Decile_3,2023-08-29,2024-04-08,75,41.3,1.23,441.38,5.89,6.69,-4.92,570.66
SL0.25_HOLD24_LAT0,Decile_4,2024-04-10,2024-12-02,75,44.0,1.48,792.95,10.57,6.79,-3.52,429.92
SL0.25_HOLD24_LAT0,Decile_5,2024-12-04,2025-07-21,75,38.7,1.21,464.38,6.19,7.49,-4.67,693.21
SL0.25_HOLD24_LAT0,Decile_6,2025-07-27,2026-03-25,75,36.0,0.75,-544.77,-7.26,5.86,-4.72,853.21
SL0.25_HOLD24_LAT0,Decile_7,2026-03-26,2026-05-28,75,25.3,0.65,-927.6,-12.37,5.96,-6.09,999.15
SL0.25_HOLD24_LAT0,Decile_8,2026-05-28,2026-07-07,75,22.7,0.31,-3401.07,-45.35,11.01,-9.34,3320.16
SL0.25_HOLD24_LAT0,Decile_9,2026-07-07,2026-08-18,75,13.3,0.09,-2738.39,-36.51,4.06,-6.35,2696.82
SL0.25_HOLD24_LAT0,Decile_10,2026-08-19,2026-09-25,75,28.0,0.7,-802.36,-10.7,9.0,-5.8,2063.95
SL1.00_HOLD72_LAT0,Decile_1,2022-03-17,2022-10-13,36,38.9,1.26,491.07,13.64,12.4,-9.31,1343.45
SL1.00_HOLD72_LAT0,Decile_2,2022-10-10,2023-06-14,36,25.0,0.83,-354.53,-9.85,9.25,-7.5,1352.09
SL1.00_HOLD72_LAT0,Decile_3,2023-06-19,2024-01-03,36,33.3,1.99,1047.18,29.09,12.2,-4.72,354.1
SL1.00_HOLD72_LAT0,Decile_4,2024-01-06,2024-06-30,36,38.9,0.97,-55.26,-1.53,10.25,-6.8,738.82
SL1.00_HOLD72_LAT0,Decile_5,2024-07-12,2025-01-28,36,47.2,1.39,511.2,14.2,12.14,-5.77,421.27
SL1.00_HOLD72_LAT0,Decile_6,2025-01-31,2025-09-04,36,47.2,1.7,872.9,24.25,12.22,-5.72,421.66
SL1.00_HOLD72_LAT0,Decile_7,2025-09-01,2026-04-25,36,36.1,0.67,-493.31,-13.7,7.4,-6.92,551.08
SL1.00_HOLD72_LAT0,Decile_8,2026-04-16,2026-06-10,36,36.1,0.73,-547.8,-15.22,10.37,-8.83,1302.69
SL1.00_HOLD72_LAT0,Decile_9,2026-06-05,2026-07-29,36,13.9,0.11,-2235.01,-62.08,10.84,-11.01,2219.57
SL1.00_HOLD72_LAT0,Decile_10,2026-07-30,2026-09-25,43,34.9,1.44,978.43,22.75,30.86,-8.8,1491.5
SL1.50_HOLD96_LAT0,Decile_1,2022-03-17,2022-09-22,28,39.3,1.21,353.58,12.63,14.54,-9.97,1145.34
SL1.50_HOLD96_LAT0,Decile_2,2022-09-23,2023-04-25,28,25.0,0.75,-347.28,-12.4,11.63,-7.19,656.21
SL1.50_HOLD96_LAT0,Decile_3,2023-04-28,2023-11-04,28,32.1,1.69,676.12,24.15,11.44,-5.13,429.21
SL1.50_HOLD96_LAT0,Decile_4,2023-11-15,2024-05-20,28,50.0,1.82,935.12,33.4,14.75,-7.2,496.21
SL1.50_HOLD96_LAT0,Decile_5,2024-06-05,2024-12-02,28,46.4,1.62,695.37,24.83,11.94,-6.13,525.57
SL1.50_HOLD96_LAT0,Decile_6,2024-12-18,2025-07-16,28,57.1,3.51,1501.62,53.63,17.08,-4.65,407.63
SL1.50_HOLD96_LAT0,Decile_7,2025-07-27,2026-02-11,28,32.1,0.85,-192.68,-6.88,10.47,-7.17,676.31
SL1.50_HOLD96_LAT0,Decile_8,2026-02-11,2026-05-13,28,32.1,0.91,-147.86,-5.28,15.66,-9.31,717.44
SL1.50_HOLD96_LAT0,Decile_9,2026-05-29,2026-07-11,28,42.9,0.96,-66.11,-2.36,16.13,-10.81,789.33
SL1.50_HOLD96_LAT0,Decile_10,2026-07-20,2026-09-25,33,48.5,2.85,2094.64,63.47,18.65,-8.24,469.77
SL0.50_HOLD48_LAT1,Decile_1,2022-03-17,2022-10-13,49,38.8,1.31,567.5,11.58,10.26,-6.46,892.39
SL0.50_HOLD48_LAT1,Decile_2,2022-10-17,2023-06-29,49,36.7,0.66,-555.77,-11.34,6.68,-5.18,814.34
SL0.50_HOLD48_LAT1,Decile_3,2023-07-02,2024-01-18,49,34.7,1.34,514.81,10.51,8.27,-4.84,505.78
SL0.50_HOLD48_LAT1,Decile_4,2024-01-28,2024-08-12,49,42.9,0.91,-173.25,-3.54,8.42,-6.27,1013.75
SL0.50_HOLD48_LAT1,Decile_5,2024-08-24,2025-04-06,49,42.9,1.0,9.48,0.19,9.54,-6.87,798.85
SL0.50_HOLD48_LAT1,Decile_6,2025-04-19,2025-11-03,49,38.8,1.04,67.77,1.38,8.4,-4.99,519.72
SL0.50_HOLD48_LAT1,Decile_7,2025-11-10,2026-05-04,49,26.5,0.61,-565.47,-11.54,5.48,-6.13,969.92
SL0.50_HOLD48_LAT1,Decile_8,2026-05-01,2026-06-15,49,34.7,0.75,-558.07,-11.39,8.25,-7.29,996.84
SL0.50_HOLD48_LAT1,Decile_9,2026-06-17,2026-08-06,49,26.5,0.49,-1135.88,-23.18,13.89,-7.4,1605.38
SL0.50_HOLD48_LAT1,Decile_10,2026-08-06,2026-09-25,51,31.4,0.69,-765.78,-15.02,9.82,-8.3,1472.11
SL0.50_HOLD48_LAT2,Decile_1,2022-03-17,2022-09-22,47,46.8,1.4,664.31,14.13,10.7,-6.62,651.64
SL0.50_HOLD48_LAT2,Decile_2,2022-09-29,2023-06-28,47,31.9,0.38,-973.72,-20.72,5.37,-5.29,955.88
SL0.50_HOLD48_LAT2,Decile_3,2023-06-29,2024-01-09,47,38.3,1.41,581.35,12.37,7.98,-4.89,401.71
SL0.50_HOLD48_LAT2,Decile_4,2024-01-17,2024-08-01,47,46.8,0.79,-431.18,-9.17,8.31,-6.63,1229.57
SL0.50_HOLD48_LAT2,Decile_5,2024-08-11,2025-03-24,47,46.8,1.03,55.54,1.18,8.84,-6.54,606.9
SL0.50_HOLD48_LAT2,Decile_6,2025-04-01,2025-10-06,47,40.4,0.84,-262.22,-5.58,7.25,-5.34,538.98
SL0.50_HOLD48_LAT2,Decile_7,2025-10-07,2026-04-27,47,31.9,0.71,-398.16,-8.47,5.6,-5.73,696.04
SL0.50_HOLD48_LAT2,Decile_8,2026-04-25,2026-06-04,47,31.9,0.72,-653.4,-13.9,8.96,-8.72,926.51
SL0.50_HOLD48_LAT2,Decile_9,2026-05-31,2026-07-18,47,44.7,1.56,826.75,17.59,9.57,-5.95,372.3
SL0.50_HOLD48_LAT2,Decile_10,2026-07-19,2026-09-20,56,26.8,0.47,-2093.1,-37.38,13.5,-10.4,2399.27
