Symbol,Total_Signals,Executed_Trades,Win_Rate,Profit_Factor,Net_PnL,Avg_Trade_PnL,Avg_MFE,Avg_MAE
0GUSDT,41,8,50.0,1.65,170.88,21.36,12.86,-5.89
1000000BOBUSDT,30,6,50.0,1.72,103.92,17.32,13.48,-7.35
1000000MOGUSDT,29,8,12.5,0.41,-152.7,-19.09,3.79,-4.53
1000BONKUSDT,26,2,50.0,7.71,197.48,98.74,25.9,-1.74
1000CATUSDT,28,6,33.3,0.37,-109.62,-18.27,5.8,-6.58
1000CHEEMSUSDT,22,0,0.0,0.0,0.0,0.0,0.0,0.0
1000FLOKIUSDT,34,1,0.0,0.0,-92.78,-92.78,0.26,-9.97
1000LUNCUSDT,26,4,25.0,1.05,4.58,1.15,8.37,-2.67
1000PEPEUSDT,28,2,50.0,0.3,-12.63,-6.31,2.52,-4.79
1000RATSUSDT,22,3,0.0,0.0,-115.76,-38.59,5.37,-6.3
1000SATSUSDT,38,4,75.0,10.27,262.06,65.52,17.3,-3.22
1000SHIBUSDT,30,1,100.0,999.0,16.52,16.52,2.75,-3.61
1000XECUSDT,31,2,50.0,0.01,-21.07,-10.53,8.53,-4.56
1INCHUSDT,28,2,0.0,0.0,-114.01,-57.01,1.24,-6.03
1MBABYDOGEUSDT,34,3,0.0,0.0,-153.24,-51.08,3.04,-7.39
2ZUSDT,34,1,0.0,0.0,-5.4,-5.4,8.15,-2.4
4USDT,27,2,0.0,0.0,-287.8,-143.9,30.82,-31.24
AAVEUSDT,34,1,100.0,999.0,76.21,76.21,15.13,-1.67
ACEUSDT,25,1,0.0,0.0,-68.14,-68.14,81.41,-8.59
ACHUSDT,36,1,0.0,0.0,-15.78,-15.78,2.41,-2.83
ACTUSDT,37,5,20.0,0.03,-541.69,-108.34,18.0,-16.1
ACUUSDT,41,2,0.0,0.0,-29.25,-14.62,4.98,-10.93
ADAUSDT,26,0,0.0,0.0,0.0,0.0,0.0,0.0
AEROUSDT,40,4,25.0,0.44,-158.33,-39.58,12.78,-7.36
AEVOUSDT,34,3,0.0,0.0,-228.65,-76.22,3.6,-8.16
AGLDUSDT,39,0,0.0,0.0,0.0,0.0,0.0,0.0
AGTUSDT,28,4,25.0,0.3,-284.02,-71.0,15.33,-24.27
AIAUSDT,18,4,50.0,0.16,-167.09,-41.77,22.94,-12.46
AIGENSYNUSDT,20,4,75.0,2.39,101.04,25.26,6.21,-8.84
AINUSDT,14,3,33.3,1.13,34.15,11.38,34.07,-17.58
AIOTUSDT,32,2,50.0,0.02,-125.23,-62.61,3.19,-8.04
AIOUSDT,21,2,0.0,0.0,-293.96,-146.98,8.34,-16.03
AIXBTUSDT,41,1,0.0,0.0,-16.44,-16.44,2.62,-1.98
AKEUSDT,25,1,0.0,0.0,-191.64,-191.64,19.57,-29.52
AKTUSDT,27,0,0.0,0.0,0.0,0.0,0.0,0.0
ALCHUSDT,35,2,0.0,0.0,-242.55,-121.28,3.56,-13.09
ALGOUSDT,32,3,33.3,0.51,-108.7,-36.23,6.55,-8.41
ALICEUSDT,23,1,0.0,0.0,-55.91,-55.91,15.95,-10.14
ALLOUSDT,26,2,100.0,999.0,2121.98,1060.99,154.48,-7.21
ALLUSDT,35,0,0.0,0.0,0.0,0.0,0.0,0.0
ALPINEUSDT,34,2,0.0,0.0,-115.58,-57.79,0.59,-6.11
ALTUSDT,15,0,0.0,0.0,0.0,0.0,0.0,0.0
ANIMEUSDT,31,0,0.0,0.0,0.0,0.0,0.0,0.0
ANKRUSDT,36,1,0.0,0.0,-72.19,-72.19,0.81,-7.71
APEUSDT,28,1,100.0,999.0,41.68,41.68,13.47,-0.27
API3USDT,33,1,0.0,0.0,-24.12,-24.12,0.82,-3.21
APRUSDT,30,2,0.0,0.0,-724.96,-362.48,47.48,-61.4
APTUSDT,27,1,100.0,999.0,0.81,0.81,7.08,-1.09
ARBUSDT,26,0,0.0,0.0,0.0,0.0,0.0,0.0
ARCUSDT,32,2,0.0,0.0,-196.86,-98.43,3.65,-12.25
ARIAUSDT,9,0,0.0,0.0,0.0,0.0,0.0,0.0
ARKMUSDT,33,3,33.3,0.28,-83.37,-27.79,7.61,-6.05
ARKUSDT,37,0,0.0,0.0,0.0,0.0,0.0,0.0
ARPAUSDT,35,2,50.0,0.33,-70.77,-35.39,7.05,-6.14
ARUSDT,25,2,0.0,0.0,-178.69,-89.34,8.48,-9.78
ARXUSDT,16,1,100.0,999.0,73.57,73.57,14.77,-13.3
ASRUSDT,14,1,0.0,0.0,-52.0,-52.0,0.03,-7.44
ASTERUSDT,21,0,0.0,0.0,0.0,0.0,0.0,0.0
ASTRUSDT,37,0,0.0,0.0,0.0,0.0,0.0,0.0
ATHUSDT,36,0,0.0,0.0,0.0,0.0,0.0,0.0
ATOMUSDT,26,1,0.0,0.0,-17.04,-17.04,10.2,-3.47
ATUSDT,29,2,0.0,0.0,-235.64,-117.82,1.57,-14.65
AUCTIONUSDT,17,1,0.0,0.0,-9.68,-9.68,0.12,-1.27
AUSDT,34,0,0.0,0.0,0.0,0.0,0.0,0.0
AVAAIUSDT,31,4,25.0,3.87,541.31,135.33,29.82,-7.0
AVAUSDT,29,0,0.0,0.0,0.0,0.0,0.0,0.0
AVAXUSDT,30,0,0.0,0.0,0.0,0.0,0.0,0.0
AVNTUSDT,33,1,0.0,0.0,-3.29,-3.29,3.28,-5.94
AWEUSDT,30,1,0.0,0.0,-60.19,-60.19,2.34,-9.29
AXLUSDT,23,0,0.0,0.0,0.0,0.0,0.0,0.0
AXSUSDT,25,0,0.0,0.0,0.0,0.0,0.0,0.0
AZTECUSDT,31,0,0.0,0.0,0.0,0.0,0.0,0.0
B2USDT,26,0,0.0,0.0,0.0,0.0,0.0,0.0
BABYUSDT,12,0,0.0,0.0,0.0,0.0,0.0,0.0
BANANAS31USDT,32,0,0.0,0.0,0.0,0.0,0.0,0.0
BANANAUSDT,30,0,0.0,0.0,0.0,0.0,0.0,0.0
BANDUSDT,30,0,0.0,0.0,0.0,0.0,0.0,0.0
BANKUSDT,20,0,0.0,0.0,0.0,0.0,0.0,0.0
BANUSDT,14,1,0.0,0.0,-242.01,-242.01,8.66,-25.1
BARDUSDT,33,0,0.0,0.0,0.0,0.0,0.0,0.0
BASEDUSDT,35,1,0.0,0.0,-111.46,-111.46,0.72,-10.95
BASUSDT,22,0,0.0,0.0,0.0,0.0,0.0,0.0
BATUSDT,23,1,0.0,0.0,-123.08,-123.08,4.62,-13.55
BBUSDT,21,0,0.0,0.0,0.0,0.0,0.0,0.0
BCHUSDT,34,0,0.0,0.0,0.0,0.0,0.0,0.0
BEAMXUSDT,34,0,0.0,0.0,0.0,0.0,0.0,0.0
BEATUSDT,14,1,100.0,999.0,982.78,982.78,147.65,-10.42
BELUSDT,19,0,0.0,0.0,0.0,0.0,0.0,0.0
BERAUSDT,30,0,0.0,0.0,0.0,0.0,0.0,0.0
BICOUSDT,20,0,0.0,0.0,0.0,0.0,0.0,0.0
BIGTIMEUSDT,30,0,0.0,0.0,0.0,0.0,0.0,0.0
BILLUSDT,14,0,0.0,0.0,0.0,0.0,0.0,0.0
BIOUSDT,35,0,0.0,0.0,0.0,0.0,0.0,0.0
BIRBUSDT,25,1,100.0,999.0,144.0,144.0,16.68,-3.37
BLESSUSDT,23,0,0.0,0.0,0.0,0.0,0.0,0.0
BLUAIUSDT,23,0,0.0,0.0,0.0,0.0,0.0,0.0
BLURUSDT,33,1,100.0,999.0,29.0,29.0,7.91,-11.86
BMTUSDT,40,0,0.0,0.0,0.0,0.0,0.0,0.0
BNBUSDT,28,0,0.0,0.0,0.0,0.0,0.0,0.0
BNTUSDT,35,0,0.0,0.0,0.0,0.0,0.0,0.0
BOMEUSDT,29,0,0.0,0.0,0.0,0.0,0.0,0.0
BRETTUSDT,30,0,0.0,0.0,0.0,0.0,0.0,0.0
BREVUSDT,34,0,0.0,0.0,0.0,0.0,0.0,0.0
BROCCOLI714USDT,26,1,0.0,0.0,-50.77,-50.77,2.65,-9.41
BROCCOLIF3BUSDT,41,2,0.0,0.0,-137.77,-68.89,8.76,-9.01
BRUSDT,16,0,0.0,0.0,0.0,0.0,0.0,0.0
BSBUSDT,22,0,0.0,0.0,0.0,0.0,0.0,0.0
BSVUSDT,27,0,0.0,0.0,0.0,0.0,0.0,0.0
BTCDOMUSDT,47,2,0.0,0.0,-19.48,-9.74,0.4,-1.51
BTCUSDT,38,0,0.0,0.0,0.0,0.0,0.0,0.0
BTRUSDT,29,0,0.0,0.0,0.0,0.0,0.0,0.0
BTWUSDT,10,0,0.0,0.0,0.0,0.0,0.0,0.0
BULLAUSDT,20,0,0.0,0.0,0.0,0.0,0.0,0.0
BUSDT,13,0,0.0,0.0,0.0,0.0,0.0,0.0
C98USDT,37,0,0.0,0.0,0.0,0.0,0.0,0.0
CAKEUSDT,27,1,0.0,0.0,-41.51,-41.51,0.88,-5.79
CAPUSDT,7,0,0.0,0.0,0.0,0.0,0.0,0.0
CARVUSDT,30,0,0.0,0.0,0.0,0.0,0.0,0.0
CATIUSDT,39,1,100.0,999.0,67.98,67.98,23.66,-9.82
CCUSDT,27,1,0.0,0.0,-13.34,-13.34,0.88,-1.8
CELOUSDT,36,0,0.0,0.0,0.0,0.0,0.0,0.0
CELRUSDT,25,0,0.0,0.0,0.0,0.0,0.0,0.0
CETUSUSDT,27,0,0.0,0.0,0.0,0.0,0.0,0.0
CFGUSDT,31,0,0.0,0.0,0.0,0.0,0.0,0.0
CFXUSDT,33,0,0.0,0.0,0.0,0.0,0.0,0.0
CGPTUSDT,27,1,0.0,0.0,-22.99,-22.99,1.53,-5.04
CHILLGUYUSDT,38,2,50.0,1.76,20.13,10.06,13.49,-1.74
CHIPUSDT,26,1,100.0,999.0,156.23,156.23,21.13,-3.66
CHRUSDT,31,0,0.0,0.0,0.0,0.0,0.0,0.0
CHZUSDT,36,0,0.0,0.0,0.0,0.0,0.0,0.0
CKBUSDT,30,0,0.0,0.0,0.0,0.0,0.0,0.0
CLANKERUSDT,32,0,0.0,0.0,0.0,0.0,0.0,0.0
CLOUSDT,20,0,0.0,0.0,0.0,0.0,0.0,0.0
COAIUSDT,38,0,0.0,0.0,0.0,0.0,0.0,0.0
COLLECTUSDT,32,0,0.0,0.0,0.0,0.0,0.0,0.0
COMPUSDT,34,0,0.0,0.0,0.0,0.0,0.0,0.0
COOKIEUSDT,25,0,0.0,0.0,0.0,0.0,0.0,0.0
COTIUSDT,27,0,0.0,0.0,0.0,0.0,0.0,0.0
COWUSDT,25,0,0.0,0.0,0.0,0.0,0.0,0.0
CROSSUSDT,37,0,0.0,0.0,0.0,0.0,0.0,0.0
CRVUSDT,28,0,0.0,0.0,0.0,0.0,0.0,0.0
CTKUSDT,29,0,0.0,0.0,0.0,0.0,0.0,0.0
CTRUSDT,20,1,0.0,0.0,-118.68,-118.68,4.11,-15.24
CTSIUSDT,21,0,0.0,0.0,0.0,0.0,0.0,0.0
CUSDT,23,0,0.0,0.0,0.0,0.0,0.0,0.0
CVCUSDT,18,0,0.0,0.0,0.0,0.0,0.0,0.0
CVXUSDT,29,0,0.0,0.0,0.0,0.0,0.0,0.0
CYBERUSDT,24,0,0.0,0.0,0.0,0.0,0.0,0.0
CYSUSDT,22,0,0.0,0.0,0.0,0.0,0.0,0.0
DASHUSDT,31,0,0.0,0.0,0.0,0.0,0.0,0.0
DATAIPUSDT,13,0,0.0,0.0,0.0,0.0,0.0,0.0
DEEPUSDT,27,0,0.0,0.0,0.0,0.0,0.0,0.0
DEXEUSDT,11,0,0.0,0.0,0.0,0.0,0.0,0.0
DIAUSDT,27,0,0.0,0.0,0.0,0.0,0.0,0.0
DODOXUSDT,29,1,0.0,0.0,-205.08,-205.08,8.45,-24.43
DOGEUSDT,30,0,0.0,0.0,0.0,0.0,0.0,0.0
DOGSUSDT,28,0,0.0,0.0,0.0,0.0,0.0,0.0
DOLOUSDT,43,0,0.0,0.0,0.0,0.0,0.0,0.0
DOODUSDT,25,0,0.0,0.0,0.0,0.0,0.0,0.0
DOSUSDT,6,0,0.0,0.0,0.0,0.0,0.0,0.0
DOTUSDT,31,0,0.0,0.0,0.0,0.0,0.0,0.0
DRIFTUSDT,26,0,0.0,0.0,0.0,0.0,0.0,0.0
DUSKUSDT,30,2,50.0,2.4,35.07,17.54,12.41,-5.38
DYDXUSDT,30,0,0.0,0.0,0.0,0.0,0.0,0.0
DYMUSDT,23,0,0.0,0.0,0.0,0.0,0.0,0.0
EDENUSDT,26,0,0.0,0.0,0.0,0.0,0.0,0.0
EDGEUSDT,27,1,0.0,0.0,-118.32,-118.32,4.41,-25.45
EDUUSDT,26,0,0.0,0.0,0.0,0.0,0.0,0.0
EGLDUSDT,33,0,0.0,0.0,0.0,0.0,0.0,0.0
EIGENUSDT,37,0,0.0,0.0,0.0,0.0,0.0,0.0
ELSAUSDT,31,0,0.0,0.0,0.0,0.0,0.0,0.0
ENAUSDT,30,1,100.0,999.0,504.62,504.62,55.2,-0.32
ENJUSDT,27,0,0.0,0.0,0.0,0.0,0.0,0.0
ENSOUSDT,47,0,0.0,0.0,0.0,0.0,0.0,0.0
ENSUSDT,20,0,0.0,0.0,0.0,0.0,0.0,0.0
EPICUSDT,22,0,0.0,0.0,0.0,0.0,0.0,0.0
ERAUSDT,23,0,0.0,0.0,0.0,0.0,0.0,0.0
ESPORTSUSDT,15,0,0.0,0.0,0.0,0.0,0.0,0.0
ESPUSDT,47,0,0.0,0.0,0.0,0.0,0.0,0.0
ETCUSDT,33,0,0.0,0.0,0.0,0.0,0.0,0.0
ETHFIUSDT,39,0,0.0,0.0,0.0,0.0,0.0,0.0
ETHUSDT,338,170,32.9,0.95,-248.31,-1.46,7.06,-4.73
ETHWUSDT,29,0,0.0,0.0,0.0,0.0,0.0,0.0
EULUSDT,34,1,0.0,0.0,-130.14,-130.14,5.45,-19.93
EVAAUSDT,23,0,0.0,0.0,0.0,0.0,0.0,0.0
FARTCOINUSDT,28,0,0.0,0.0,0.0,0.0,0.0,0.0
FETUSDT,30,0,0.0,0.0,0.0,0.0,0.0,0.0
FFUSDT,32,0,0.0,0.0,0.0,0.0,0.0,0.0
FHEUSDT,26,0,0.0,0.0,0.0,0.0,0.0,0.0
FIDAUSDT,11,0,0.0,0.0,0.0,0.0,0.0,0.0
FIGHTUSDT,42,0,0.0,0.0,0.0,0.0,0.0,0.0
FILUSDT,26,0,0.0,0.0,0.0,0.0,0.0,0.0
FLOCKUSDT,31,0,0.0,0.0,0.0,0.0,0.0,0.0
FLOWUSDT,29,0,0.0,0.0,0.0,0.0,0.0,0.0
FLUIDUSDT,37,0,0.0,0.0,0.0,0.0,0.0,0.0
FLUXUSDT,21,0,0.0,0.0,0.0,0.0,0.0,0.0
FOGOUSDT,35,0,0.0,0.0,0.0,0.0,0.0,0.0
FOLKSUSDT,27,0,0.0,0.0,0.0,0.0,0.0,0.0
FORMUSDT,31,0,0.0,0.0,0.0,0.0,0.0,0.0
FRAXUSDT,35,0,0.0,0.0,0.0,0.0,0.0,0.0
FUSDT,35,0,0.0,0.0,0.0,0.0,0.0,0.0
GALAUSDT,34,0,0.0,0.0,0.0,0.0,0.0,0.0
GASUSDT,19,0,0.0,0.0,0.0,0.0,0.0,0.0
GENIUSUSDT,22,0,0.0,0.0,0.0,0.0,0.0,0.0
GIGGLEUSDT,29,0,0.0,0.0,0.0,0.0,0.0,0.0
GLMUSDT,34,0,0.0,0.0,0.0,0.0,0.0,0.0
GMTUSDT,34,0,0.0,0.0,0.0,0.0,0.0,0.0
GMXUSDT,36,0,0.0,0.0,0.0,0.0,0.0,0.0
GOATUSDT,33,0,0.0,0.0,0.0,0.0,0.0,0.0
GPSUSDT,29,0,0.0,0.0,0.0,0.0,0.0,0.0
GRAMUSDT,11,0,0.0,0.0,0.0,0.0,0.0,0.0
GRASSUSDT,34,0,0.0,0.0,0.0,0.0,0.0,0.0
GRIFFAINUSDT,19,0,0.0,0.0,0.0,0.0,0.0,0.0
GRTUSDT,33,0,0.0,0.0,0.0,0.0,0.0,0.0
GRVTUSDT,10,0,0.0,0.0,0.0,0.0,0.0,0.0
GTCUSDT,34,0,0.0,0.0,0.0,0.0,0.0,0.0
GUAUSDT,14,0,0.0,0.0,0.0,0.0,0.0,0.0
GUNUSDT,20,0,0.0,0.0,0.0,0.0,0.0,0.0
GUSDT,35,0,0.0,0.0,0.0,0.0,0.0,0.0
GWEIUSDT,26,0,0.0,0.0,0.0,0.0,0.0,0.0
HAEDALUSDT,23,0,0.0,0.0,0.0,0.0,0.0,0.0
HANAUSDT,24,0,0.0,0.0,0.0,0.0,0.0,0.0
HBARUSDT,30,0,0.0,0.0,0.0,0.0,0.0,0.0
HEIUSDT,25,0,0.0,0.0,0.0,0.0,0.0,0.0
HEMIUSDT,30,0,0.0,0.0,0.0,0.0,0.0,0.0
HIVEUSDT,34,0,0.0,0.0,0.0,0.0,0.0,0.0
HMSTRUSDT,33,0,0.0,0.0,0.0,0.0,0.0,0.0
HOLOUSDT,30,0,0.0,0.0,0.0,0.0,0.0,0.0
HOMEUSDT,21,0,0.0,0.0,0.0,0.0,0.0,0.0
HOTUSDT,30,0,0.0,0.0,0.0,0.0,0.0,0.0
HUMAUSDT,29,0,0.0,0.0,0.0,0.0,0.0,0.0
HUSDT,17,0,0.0,0.0,0.0,0.0,0.0,0.0
HYPERUSDT,30,0,0.0,0.0,0.0,0.0,0.0,0.0
HYPEUSDT,38,0,0.0,0.0,0.0,0.0,0.0,0.0
ICNTUSDT,26,0,0.0,0.0,0.0,0.0,0.0,0.0
ICPUSDT,34,0,0.0,0.0,0.0,0.0,0.0,0.0
IDOLUSDT,24,0,0.0,0.0,0.0,0.0,0.0,0.0
IDUSDT,28,0,0.0,0.0,0.0,0.0,0.0,0.0
ILVUSDT,32,0,0.0,0.0,0.0,0.0,0.0,0.0
IMXUSDT,33,0,0.0,0.0,0.0,0.0,0.0,0.0
INITUSDT,36,0,0.0,0.0,0.0,0.0,0.0,0.0
INJUSDT,30,1,100.0,999.0,73.56,73.56,15.21,-2.98
INUSDT,20,0,0.0,0.0,0.0,0.0,0.0,0.0
INXUSDT,29,0,0.0,0.0,0.0,0.0,0.0,0.0
IOSTUSDT,31,0,0.0,0.0,0.0,0.0,0.0,0.0
IOTAUSDT,35,0,0.0,0.0,0.0,0.0,0.0,0.0
IOTXUSDT,35,0,0.0,0.0,0.0,0.0,0.0,0.0
IOUSDT,37,0,0.0,0.0,0.0,0.0,0.0,0.0
IRYSUSDT,18,0,0.0,0.0,0.0,0.0,0.0,0.0
JASMYUSDT,33,0,0.0,0.0,0.0,0.0,0.0,0.0
JCTUSDT,25,0,0.0,0.0,0.0,0.0,0.0,0.0
JELLYJELLYUSDT,12,0,0.0,0.0,0.0,0.0,0.0,0.0
JOEUSDT,29,0,0.0,0.0,0.0,0.0,0.0,0.0
JSTUSDT,31,0,0.0,0.0,0.0,0.0,0.0,0.0
JTOUSDT,37,0,0.0,0.0,0.0,0.0,0.0,0.0
JUPUSDT,35,0,0.0,0.0,0.0,0.0,0.0,0.0
KAIAUSDT,21,0,0.0,0.0,0.0,0.0,0.0,0.0
KAITOUSDT,38,0,0.0,0.0,0.0,0.0,0.0,0.0
KASUSDT,40,0,0.0,0.0,0.0,0.0,0.0,0.0
KATUSDT,25,0,0.0,0.0,0.0,0.0,0.0,0.0
KAVAUSDT,39,0,0.0,0.0,0.0,0.0,0.0,0.0
KERNELUSDT,35,0,0.0,0.0,0.0,0.0,0.0,0.0
KGENUSDT,35,0,0.0,0.0,0.0,0.0,0.0,0.0
KITEUSDT,29,0,0.0,0.0,0.0,0.0,0.0,0.0
KMNOUSDT,38,0,0.0,0.0,0.0,0.0,0.0,0.0
KNCUSDT,25,0,0.0,0.0,0.0,0.0,0.0,0.0
KOMAUSDT,22,0,0.0,0.0,0.0,0.0,0.0,0.0
KSMUSDT,24,0,0.0,0.0,0.0,0.0,0.0,0.0
LABUSDT,13,0,0.0,0.0,0.0,0.0,0.0,0.0
LAUSDT,28,0,0.0,0.0,0.0,0.0,0.0,0.0
LAYERUSDT,25,0,0.0,0.0,0.0,0.0,0.0,0.0
LDOUSDT,34,0,0.0,0.0,0.0,0.0,0.0,0.0
LIGHTUSDT,27,0,0.0,0.0,0.0,0.0,0.0,0.0
LINEAUSDT,27,0,0.0,0.0,0.0,0.0,0.0,0.0
LINKUSDT,29,0,0.0,0.0,0.0,0.0,0.0,0.0
LISTAUSDT,37,0,0.0,0.0,0.0,0.0,0.0,0.0
LITUSDT,40,0,0.0,0.0,0.0,0.0,0.0,0.0
LPTUSDT,23,0,0.0,0.0,0.0,0.0,0.0,0.0
LQTYUSDT,28,0,0.0,0.0,0.0,0.0,0.0,0.0
LSKUSDT,33,0,0.0,0.0,0.0,0.0,0.0,0.0
LTCUSDT,26,0,0.0,0.0,0.0,0.0,0.0,0.0
LUMIAUSDT,31,0,0.0,0.0,0.0,0.0,0.0,0.0
LUNA2USDT,25,0,0.0,0.0,0.0,0.0,0.0,0.0
LYNUSDT,16,0,0.0,0.0,0.0,0.0,0.0,0.0
MAGICUSDT,30,0,0.0,0.0,0.0,0.0,0.0,0.0
MAGMAUSDT,23,0,0.0,0.0,0.0,0.0,0.0,0.0
MANAUSDT,30,0,0.0,0.0,0.0,0.0,0.0,0.0
MANTAUSDT,34,0,0.0,0.0,0.0,0.0,0.0,0.0
MANTRAUSDT,46,0,0.0,0.0,0.0,0.0,0.0,0.0
MASKUSDT,28,0,0.0,0.0,0.0,0.0,0.0,0.0
MAVIAUSDT,35,0,0.0,0.0,0.0,0.0,0.0,0.0
MAVUSDT,38,0,0.0,0.0,0.0,0.0,0.0,0.0
MEGAUSDT,23,0,0.0,0.0,0.0,0.0,0.0,0.0
MELANIAUSDT,26,0,0.0,0.0,0.0,0.0,0.0,0.0
MEMEUSDT,34,0,0.0,0.0,0.0,0.0,0.0,0.0
MERLUSDT,25,0,0.0,0.0,0.0,0.0,0.0,0.0
METISUSDT,21,0,0.0,0.0,0.0,0.0,0.0,0.0
METUSDT,30,0,0.0,0.0,0.0,0.0,0.0,0.0
MEUSDT,30,0,0.0,0.0,0.0,0.0,0.0,0.0
MEWUSDT,34,0,0.0,0.0,0.0,0.0,0.0,0.0
MINAUSDT,29,0,0.0,0.0,0.0,0.0,0.0,0.0
MIRAUSDT,31,0,0.0,0.0,0.0,0.0,0.0,0.0
MITOUSDT,22,0,0.0,0.0,0.0,0.0,0.0,0.0
MMTUSDT,29,0,0.0,0.0,0.0,0.0,0.0,0.0
MOCAUSDT,31,0,0.0,0.0,0.0,0.0,0.0,0.0
MONUSDT,30,0,0.0,0.0,0.0,0.0,0.0,0.0
MOODENGUSDT,32,0,0.0,0.0,0.0,0.0,0.0,0.0
MORPHOUSDT,28,0,0.0,0.0,0.0,0.0,0.0,0.0
MOVEUSDT,33,0,0.0,0.0,0.0,0.0,0.0,0.0
MOVRUSDT,22,0,0.0,0.0,0.0,0.0,0.0,0.0
MTLUSDT,19,0,0.0,0.0,0.0,0.0,0.0,0.0
MUBARAKUSDT,22,0,0.0,0.0,0.0,0.0,0.0,0.0
MUSDT,34,0,0.0,0.0,0.0,0.0,0.0,0.0
MYXUSDT,12,0,0.0,0.0,0.0,0.0,0.0,0.0
NAORISUSDT,12,0,0.0,0.0,0.0,0.0,0.0,0.0
NEARUSDT,30,0,0.0,0.0,0.0,0.0,0.0,0.0
NEIROUSDT,24,0,0.0,0.0,0.0,0.0,0.0,0.0
NEOUSDT,32,0,0.0,0.0,0.0,0.0,0.0,0.0
NEWTUSDT,38,0,0.0,0.0,0.0,0.0,0.0,0.0
NIGHTUSDT,30,0,0.0,0.0,0.0,0.0,0.0,0.0
NILUSDT,30,1,0.0,0.0,-139.11,-139.11,4.08,-14.93
NMRUSDT,29,0,0.0,0.0,0.0,0.0,0.0,0.0
NOMUSDT,34,0,0.0,0.0,0.0,0.0,0.0,0.0
NOTUSDT,29,0,0.0,0.0,0.0,0.0,0.0,0.0
NXPCUSDT,22,0,0.0,0.0,0.0,0.0,0.0,0.0
OGNUSDT,22,0,0.0,0.0,0.0,0.0,0.0,0.0
OGUSDT,28,0,0.0,0.0,0.0,0.0,0.0,0.0
ONDOUSDT,32,0,0.0,0.0,0.0,0.0,0.0,0.0
ONEUSDT,24,0,0.0,0.0,0.0,0.0,0.0,0.0
ONGUSDT,34,0,0.0,0.0,0.0,0.0,0.0,0.0
ONTUSDT,27,0,0.0,0.0,0.0,0.0,0.0,0.0
ONUSDT,31,0,0.0,0.0,0.0,0.0,0.0,0.0
OPENUSDT,35,0,0.0,0.0,0.0,0.0,0.0,0.0
OPGUSDT,27,0,0.0,0.0,0.0,0.0,0.0,0.0
OPNUSDT,28,0,0.0,0.0,0.0,0.0,0.0,0.0
OPUSDT,48,0,0.0,0.0,0.0,0.0,0.0,0.0
ORCAUSDT,37,0,0.0,0.0,0.0,0.0,0.0,0.0
ORDERUSDT,25,0,0.0,0.0,0.0,0.0,0.0,0.0
ORDIUSDT,31,0,0.0,0.0,0.0,0.0,0.0,0.0
OUSDT,12,0,0.0,0.0,0.0,0.0,0.0,0.0
PARTIUSDT,37,0,0.0,0.0,0.0,0.0,0.0,0.0
PAXGUSDT,43,0,0.0,0.0,0.0,0.0,0.0,0.0
PENDLEUSDT,42,0,0.0,0.0,0.0,0.0,0.0,0.0
PENGUUSDT,27,0,0.0,0.0,0.0,0.0,0.0,0.0
PEOPLEUSDT,32,0,0.0,0.0,0.0,0.0,0.0,0.0
PHAROSUSDT,18,0,0.0,0.0,0.0,0.0,0.0,0.0
PHAUSDT,40,0,0.0,0.0,0.0,0.0,0.0,0.0
PIEVERSEUSDT,21,0,0.0,0.0,0.0,0.0,0.0,0.0
PIPPINUSDT,30,0,0.0,0.0,0.0,0.0,0.0,0.0
PIXELUSDT,23,0,0.0,0.0,0.0,0.0,0.0,0.0
PLAYUSDT,10,0,0.0,0.0,0.0,0.0,0.0,0.0
PLUMEUSDT,39,0,0.0,0.0,0.0,0.0,0.0,0.0
PNUTUSDT,36,0,0.0,0.0,0.0,0.0,0.0,0.0
POLUSDT,38,0,0.0,0.0,0.0,0.0,0.0,0.0
POLYXUSDT,38,0,0.0,0.0,0.0,0.0,0.0,0.0
POPCATUSDT,32,0,0.0,0.0,0.0,0.0,0.0,0.0
PORTALUSDT,24,0,0.0,0.0,0.0,0.0,0.0,0.0
POWERUSDT,31,0,0.0,0.0,0.0,0.0,0.0,0.0
POWRUSDT,27,0,0.0,0.0,0.0,0.0,0.0,0.0
PRLUSDT,20,0,0.0,0.0,0.0,0.0,0.0,0.0
PROMPTUSDT,29,0,0.0,0.0,0.0,0.0,0.0,0.0
PROMUSDT,15,0,0.0,0.0,0.0,0.0,0.0,0.0
PROVEUSDT,27,0,0.0,0.0,0.0,0.0,0.0,0.0
PTBUSDT,23,0,0.0,0.0,0.0,0.0,0.0,0.0
PUMPBTCUSDT,31,0,0.0,0.0,0.0,0.0,0.0,0.0
PUMPUSDT,43,0,0.0,0.0,0.0,0.0,0.0,0.0
PUNDIXUSDT,30,0,0.0,0.0,0.0,0.0,0.0,0.0
PYTHUSDT,35,0,0.0,0.0,0.0,0.0,0.0,0.0
QNTUSDT,29,0,0.0,0.0,0.0,0.0,0.0,0.0
QTUMUSDT,45,0,0.0,0.0,0.0,0.0,0.0,0.0
QUSDT,19,0,0.0,0.0,0.0,0.0,0.0,0.0
RAREUSDT,25,0,0.0,0.0,0.0,0.0,0.0,0.0
RAVEUSDT,6,0,0.0,0.0,0.0,0.0,0.0,0.0
RAYSOLUSDT,33,0,0.0,0.0,0.0,0.0,0.0,0.0
RECALLUSDT,34,0,0.0,0.0,0.0,0.0,0.0,0.0
REDUSDT,38,0,0.0,0.0,0.0,0.0,0.0,0.0
RENDERUSDT,27,0,0.0,0.0,0.0,0.0,0.0,0.0
RESOLVUSDT,28,0,0.0,0.0,0.0,0.0,0.0,0.0
REUSDT,12,0,0.0,0.0,0.0,0.0,0.0,0.0
REZUSDT,25,0,0.0,0.0,0.0,0.0,0.0,0.0
RIFUSDT,21,0,0.0,0.0,0.0,0.0,0.0,0.0
RIVERUSDT,20,0,0.0,0.0,0.0,0.0,0.0,0.0
RLCUSDT,34,0,0.0,0.0,0.0,0.0,0.0,0.0
ROBOUSDT,45,0,0.0,0.0,0.0,0.0,0.0,0.0
RONINUSDT,26,0,0.0,0.0,0.0,0.0,0.0,0.0
ROSEUSDT,37,0,0.0,0.0,0.0,0.0,0.0,0.0
RPLUSDT,32,0,0.0,0.0,0.0,0.0,0.0,0.0
RSRUSDT,39,0,0.0,0.0,0.0,0.0,0.0,0.0
RUNEUSDT,38,0,0.0,0.0,0.0,0.0,0.0,0.0
RVNUSDT,30,0,0.0,0.0,0.0,0.0,0.0,0.0
SAFEUSDT,28,0,0.0,0.0,0.0,0.0,0.0,0.0
SAGAUSDT,23,0,0.0,0.0,0.0,0.0,0.0,0.0
SAHARAUSDT,26,0,0.0,0.0,0.0,0.0,0.0,0.0
SANDUSDT,31,0,0.0,0.0,0.0,0.0,0.0,0.0
SANTOSUSDT,22,0,0.0,0.0,0.0,0.0,0.0,0.0
SAPIENUSDT,31,0,0.0,0.0,0.0,0.0,0.0,0.0
SCRUSDT,41,0,0.0,0.0,0.0,0.0,0.0,0.0
SEIUSDT,27,0,0.0,0.0,0.0,0.0,0.0,0.0
SENTUSDT,31,0,0.0,0.0,0.0,0.0,0.0,0.0
SFPUSDT,42,0,0.0,0.0,0.0,0.0,0.0,0.0
SHELLUSDT,38,0,0.0,0.0,0.0,0.0,0.0,0.0
SIGNUSDT,24,0,0.0,0.0,0.0,0.0,0.0,0.0
SIRENUSDT,8,0,0.0,0.0,0.0,0.0,0.0,0.0
SKLUSDT,17,0,0.0,0.0,0.0,0.0,0.0,0.0
SKRUSDT,28,0,0.0,0.0,0.0,0.0,0.0,0.0
SKYAIUSDT,18,0,0.0,0.0,0.0,0.0,0.0,0.0
SKYUSDT,41,0,0.0,0.0,0.0,0.0,0.0,0.0
SLPUSDT,32,0,0.0,0.0,0.0,0.0,0.0,0.0
SLXUSDT,9,0,0.0,0.0,0.0,0.0,0.0,0.0
SNXUSDT,36,0,0.0,0.0,0.0,0.0,0.0,0.0
SOLUSDT,331,162,41.4,1.28,1634.51,10.09,10.59,-6.41
SOLVUSDT,22,0,0.0,0.0,0.0,0.0,0.0,0.0
SOMIUSDT,35,0,0.0,0.0,0.0,0.0,0.0,0.0
SONICUSDT,22,0,0.0,0.0,0.0,0.0,0.0,0.0
SOONUSDT,17,0,0.0,0.0,0.0,0.0,0.0,0.0
SOPHUSDT,29,0,0.0,0.0,0.0,0.0,0.0,0.0
SPACEUSDT,25,0,0.0,0.0,0.0,0.0,0.0,0.0
SPELLUSDT,24,0,0.0,0.0,0.0,0.0,0.0,0.0
SPKUSDT,22,0,0.0,0.0,0.0,0.0,0.0,0.0
SPORTFUNUSDT,26,0,0.0,0.0,0.0,0.0,0.0,0.0
SPXUSDT,42,0,0.0,0.0,0.0,0.0,0.0,0.0
SQDUSDT,35,0,0.0,0.0,0.0,0.0,0.0,0.0
SSVUSDT,23,0,0.0,0.0,0.0,0.0,0.0,0.0
STABLEUSDT,33,0,0.0,0.0,0.0,0.0,0.0,0.0
STARUSDT,28,0,0.0,0.0,0.0,0.0,0.0,0.0
STBLUSDT,32,0,0.0,0.0,0.0,0.0,0.0,0.0
STEEMUSDT,35,0,0.0,0.0,0.0,0.0,0.0,0.0
STOUSDT,30,0,0.0,0.0,0.0,0.0,0.0,0.0
STRKUSDT,29,0,0.0,0.0,0.0,0.0,0.0,0.0
STXUSDT,32,0,0.0,0.0,0.0,0.0,0.0,0.0
SUIUSDT,30,0,0.0,0.0,0.0,0.0,0.0,0.0
SUNUSDT,30,0,0.0,0.0,0.0,0.0,0.0,0.0
SUPERUSDT,25,0,0.0,0.0,0.0,0.0,0.0,0.0
SUSDT,27,0,0.0,0.0,0.0,0.0,0.0,0.0
SUSHIUSDT,35,0,0.0,0.0,0.0,0.0,0.0,0.0
SWARMSUSDT,35,0,0.0,0.0,0.0,0.0,0.0,0.0
SXTUSDT,37,0,0.0,0.0,0.0,0.0,0.0,0.0
SYNUSDT,26,0,0.0,0.0,0.0,0.0,0.0,0.0
SYRUPUSDT,42,0,0.0,0.0,0.0,0.0,0.0,0.0
TACUSDT,14,0,0.0,0.0,0.0,0.0,0.0,0.0
TAGUSDT,29,0,0.0,0.0,0.0,0.0,0.0,0.0
TAIKOUSDT,24,0,0.0,0.0,0.0,0.0,0.0,0.0
TAKEUSDT,27,0,0.0,0.0,0.0,0.0,0.0,0.0
TAOUSDT,25,0,0.0,0.0,0.0,0.0,0.0,0.0
TAUSDT,27,0,0.0,0.0,0.0,0.0,0.0,0.0
THETAUSDT,31,0,0.0,0.0,0.0,0.0,0.0,0.0
THEUSDT,24,0,0.0,0.0,0.0,0.0,0.0,0.0
TIAUSDT,27,0,0.0,0.0,0.0,0.0,0.0,0.0
TLMUSDT,25,0,0.0,0.0,0.0,0.0,0.0,0.0
TNSRUSDT,27,0,0.0,0.0,0.0,0.0,0.0,0.0
TOSHIUSDT,34,0,0.0,0.0,0.0,0.0,0.0,0.0
TOWNSUSDT,27,0,0.0,0.0,0.0,0.0,0.0,0.0
TRADOORUSDT,11,0,0.0,0.0,0.0,0.0,0.0,0.0
TRBUSDT,35,0,0.0,0.0,0.0,0.0,0.0,0.0
TREEUSDT,40,0,0.0,0.0,0.0,0.0,0.0,0.0
TRIAUSDT,21,0,0.0,0.0,0.0,0.0,0.0,0.0
TRUMPUSDT,29,0,0.0,0.0,0.0,0.0,0.0,0.0
TRUSTUSDT,37,0,0.0,0.0,0.0,0.0,0.0,0.0
TRUTHUSDT,23,0,0.0,0.0,0.0,0.0,0.0,0.0
TRXUSDT,29,0,0.0,0.0,0.0,0.0,0.0,0.0
TSTUSDT,21,0,0.0,0.0,0.0,0.0,0.0,0.0
TURBOUSDT,33,0,0.0,0.0,0.0,0.0,0.0,0.0
TURTLEUSDT,34,0,0.0,0.0,0.0,0.0,0.0,0.0
TUSDT,29,0,0.0,0.0,0.0,0.0,0.0,0.0
TUTUSDT,20,0,0.0,0.0,0.0,0.0,0.0,0.0
TWTUSDT,28,0,0.0,0.0,0.0,0.0,0.0,0.0
UAIUSDT,30,0,0.0,0.0,0.0,0.0,0.0,0.0
UBUSDT,29,0,0.0,0.0,0.0,0.0,0.0,0.0
UMAUSDT,23,0,0.0,0.0,0.0,0.0,0.0,0.0
UNIUSDT,31,0,0.0,0.0,0.0,0.0,0.0,0.0
USDCUSDT,43,0,0.0,0.0,0.0,0.0,0.0,0.0
USELESSUSDT,41,0,0.0,0.0,0.0,0.0,0.0,0.0
USTCUSDT,27,0,0.0,0.0,0.0,0.0,0.0,0.0
USUALUSDT,32,0,0.0,0.0,0.0,0.0,0.0,0.0
USUSDT,31,0,0.0,0.0,0.0,0.0,0.0,0.0
VANAUSDT,32,0,0.0,0.0,0.0,0.0,0.0,0.0
VELODROMEUSDT,29,0,0.0,0.0,0.0,0.0,0.0,0.0
VELVETUSDT,12,0,0.0,0.0,0.0,0.0,0.0,0.0
VETUSDT,27,0,0.0,0.0,0.0,0.0,0.0,0.0
VIRTUALUSDT,26,0,0.0,0.0,0.0,0.0,0.0,0.0
VTHOUSDT,17,0,0.0,0.0,0.0,0.0,0.0,0.0
VVVUSDT,29,0,0.0,0.0,0.0,0.0,0.0,0.0
WALUSDT,25,0,0.0,0.0,0.0,0.0,0.0,0.0
WAXPUSDT,18,0,0.0,0.0,0.0,0.0,0.0,0.0
WCTUSDT,23,0,0.0,0.0,0.0,0.0,0.0,0.0
WETUSDT,30,0,0.0,0.0,0.0,0.0,0.0,0.0
WIFUSDT,40,0,0.0,0.0,0.0,0.0,0.0,0.0
WLDUSDT,22,0,0.0,0.0,0.0,0.0,0.0,0.0
WLFIUSDT,30,0,0.0,0.0,0.0,0.0,0.0,0.0
WOOUSDT,41,0,0.0,0.0,0.0,0.0,0.0,0.0
WUSDT,22,0,0.0,0.0,0.0,0.0,0.0,0.0
XAIUSDT,31,1,100.0,999.0,1.02,1.02,3.39,-8.01
XANUSDT,32,0,0.0,0.0,0.0,0.0,0.0,0.0
XAUTUSDT,36,0,0.0,0.0,0.0,0.0,0.0,0.0
XLMUSDT,31,0,0.0,0.0,0.0,0.0,0.0,0.0
XMRUSDT,25,0,0.0,0.0,0.0,0.0,0.0,0.0
XNYUSDT,42,0,0.0,0.0,0.0,0.0,0.0,0.0
XPINUSDT,20,0,0.0,0.0,0.0,0.0,0.0,0.0
XPLUSDT,26,0,0.0,0.0,0.0,0.0,0.0,0.0
XRPUSDT,26,0,0.0,0.0,0.0,0.0,0.0,0.0
XTZUSDT,29,0,0.0,0.0,0.0,0.0,0.0,0.0
XVGUSDT,26,0,0.0,0.0,0.0,0.0,0.0,0.0
XVSUSDT,22,0,0.0,0.0,0.0,0.0,0.0,0.0
YBUSDT,28,0,0.0,0.0,0.0,0.0,0.0,0.0
YFIUSDT,24,0,0.0,0.0,0.0,0.0,0.0,0.0
YGGUSDT,21,0,0.0,0.0,0.0,0.0,0.0,0.0
ZAMAUSDT,34,0,0.0,0.0,0.0,0.0,0.0,0.0
ZBTUSDT,29,0,0.0,0.0,0.0,0.0,0.0,0.0
ZECUSDT,25,0,0.0,0.0,0.0,0.0,0.0,0.0
ZENUSDT,30,0,0.0,0.0,0.0,0.0,0.0,0.0
ZEREBROUSDT,37,0,0.0,0.0,0.0,0.0,0.0,0.0
ZESTUSDT,20,0,0.0,0.0,0.0,0.0,0.0,0.0
ZETAUSDT,34,0,0.0,0.0,0.0,0.0,0.0,0.0
ZILUSDT,32,0,0.0,0.0,0.0,0.0,0.0,0.0
ZKCUSDT,25,0,0.0,0.0,0.0,0.0,0.0,0.0
ZKPUSDT,29,0,0.0,0.0,0.0,0.0,0.0,0.0
ZKUSDT,24,0,0.0,0.0,0.0,0.0,0.0,0.0
ZORAUSDT,28,0,0.0,0.0,0.0,0.0,0.0,0.0
ZROUSDT,33,0,0.0,0.0,0.0,0.0,0.0,0.0
ZRXUSDT,32,0,0.0,0.0,0.0,0.0,0.0,0.0
