symbol,timeframe,total_signals,total_trades,long_trades,short_trades,wins,losses,win_rate,profit_factor,gross_profit,gross_loss,net_pnl,max_drawdown,average_r,expectancy,average_trade,breakout_count
BTCUSDT,4h,38,33,14,19,6,27,18.18,0.24,55.03,230.74,-175.71,17.61,-0.558,-5.32,-5.32,38
ETHUSDT,4h,32,27,15,12,12,15,44.44,1.28,122.98,96.42,26.55,5.02,0.103,0.98,0.98,32
BNBUSDT,4h,28,23,12,11,6,17,26.09,0.41,58.66,143.93,-85.26,10.27,-0.359,-3.71,-3.71,28
SOLUSDT,4h,30,22,10,12,11,11,50.0,1.52,113.43,74.56,38.87,3.03,0.175,1.77,1.77,30
XRPUSDT,4h,26,22,10,12,2,20,9.09,0.24,20.2,83.28,-63.07,6.31,-0.279,-2.87,-2.87,26
DOGEUSDT,4h,30,26,11,15,6,20,23.08,0.4,58.3,145.47,-87.18,8.72,-0.314,-3.35,-3.35,30
ADAUSDT,4h,26,23,8,15,6,17,26.09,0.43,59.68,137.98,-78.3,11.32,-0.31,-3.4,-3.4,26
AVAXUSDT,4h,30,28,13,15,5,23,17.86,0.28,46.85,165.47,-118.62,14.65,-0.434,-4.24,-4.24,30
LINKUSDT,4h,29,22,8,14,2,20,9.09,0.18,20.01,112.19,-92.17,9.22,-0.415,-4.19,-4.19,29
SUIUSDT,4h,30,28,9,19,4,24,14.29,0.18,36.55,208.78,-172.23,18.07,-0.649,-6.15,-6.15,30
