Symbol,Signal_Count,LONG_Signals,SHORT_Signals,MFE_24,MAE_24,Median_MFE_24,Median_MAE_24,Pct_MFE_gt_5,Pct_MFE_gt_10,Pct_MAE_lt_neg5,Avg_24b_Return
1000PEPEUSDT,28,15,13,9.07,-5.56,4.37,-4.68,42.9,21.4,46.4,3.27
AAVEUSDT,34,18,16,10.72,-4.54,6.2,-3.27,58.8,29.4,26.5,5.52
ADAUSDT,26,10,16,10.78,-4.36,6.87,-2.72,69.2,34.6,30.8,4.46
AKEUSDT,25,16,9,67.19,-59.04,16.82,-21.72,60.0,56.0,92.0,10.42
ARBUSDT,26,13,13,9.83,-4.96,4.25,-4.3,46.2,30.8,42.3,2.44
AVAXUSDT,30,15,15,5.71,-8.9,2.69,-6.79,20.0,10.0,60.0,-2.08
BCHUSDT,34,11,23,7.91,-4.7,5.29,-4.01,52.9,23.5,44.1,2.85
BNBUSDT,28,17,11,3.35,-4.25,2.55,-2.97,25.0,3.6,28.6,-1.08
BROCCOLI714USDT,26,21,5,11.86,-11.08,6.2,-8.07,53.8,34.6,80.8,-0.99
BRUSDT,16,7,9,11.24,-29.98,5.34,-13.63,50.0,37.5,87.5,-16.4
BTCUSDT,38,18,20,3.38,-2.8,2.69,-3.04,7.9,5.3,7.9,0.65
BTWUSDT,10,8,2,42.29,-16.93,41.26,-16.59,70.0,70.0,90.0,13.64
DASHUSDT,31,12,19,11.36,-6.2,4.99,-5.48,48.4,25.8,51.6,2.87
DOGEUSDT,30,13,17,6.2,-4.3,4.42,-3.96,33.3,20.0,26.7,0.51
DOTUSDT,31,18,13,8.4,-5.21,5.13,-3.53,51.6,25.8,35.5,2.15
ENAUSDT,30,11,19,12.87,-7.64,6.79,-5.44,66.7,33.3,53.3,4.91
ETCUSDT,33,15,18,6.52,-5.7,3.86,-4.23,33.3,18.2,39.4,0.34
ETHUSDT,32,17,15,5.66,-3.45,3.25,-3.68,37.5,15.6,25.0,1.75
FETUSDT,30,12,18,10.5,-6.47,7.39,-5.82,60.0,43.3,53.3,3.38
FILUSDT,26,14,12,9.09,-7.48,5.3,-7.47,53.8,34.6,80.8,1.32
HYPEUSDT,38,12,26,5.68,-7.25,4.49,-5.6,39.5,15.8,55.3,-2.05
INJUSDT,30,23,7,10.15,-8.12,7.51,-4.81,63.3,36.7,46.7,0.73
LINKUSDT,29,12,17,5.81,-4.54,4.22,-3.5,37.9,13.8,37.9,0.21
LITUSDT,40,32,8,9.12,-9.34,6.93,-7.45,65.0,35.0,80.0,-0.18
LSKUSDT,33,15,18,69.6,-5.2,3.2,-4.65,39.4,21.2,42.4,20.67
LTCUSDT,26,12,14,5.36,-2.5,3.82,-1.33,30.8,15.4,15.4,1.74
NEARUSDT,30,19,11,12.97,-8.12,6.27,-6.79,63.3,43.3,53.3,3.0
NILUSDT,30,12,18,17.81,-13.65,7.45,-11.16,60.0,46.7,73.3,1.9
NOMUSDT,34,16,18,9.77,-12.64,4.09,-9.08,41.2,23.5,67.6,-3.02
ONDOUSDT,32,17,15,8.31,-7.76,5.5,-5.51,62.5,28.1,50.0,-0.57
ONEUSDT,24,10,14,23.19,-16.55,4.86,-8.89,50.0,29.2,70.8,5.38
PAXGUSDT,43,15,28,1.72,-1.53,1.75,-1.19,4.7,0.0,2.3,-0.12
PENGUUSDT,27,15,12,10.93,-4.63,7.54,-4.1,63.0,40.7,40.7,4.41
PUMPUSDT,43,24,19,8.65,-10.52,5.17,-10.39,51.2,32.6,67.4,-0.38
QNTUSDT,29,11,18,3.75,-5.84,3.03,-4.92,31.0,6.9,48.3,-2.38
RAYSOLUSDT,33,16,17,7.46,-6.19,4.6,-5.19,42.4,27.3,54.5,0.1
SAGAUSDT,23,14,9,34.85,-15.15,8.56,-10.36,73.9,47.8,87.0,2.64
SOLUSDT,30,13,17,6.02,-4.14,3.19,-3.09,36.7,23.3,26.7,1.76
SUIUSDT,30,10,20,6.22,-7.18,3.67,-4.75,33.3,13.3,46.7,-1.75
TAKEUSDT,27,18,9,11.05,-18.63,8.65,-16.38,66.7,40.7,88.9,-6.4
TAOUSDT,25,11,14,10.7,-4.61,6.95,-3.66,60.0,40.0,32.0,5.2
TRUMPUSDT,29,15,14,11.81,-6.7,4.68,-6.62,48.3,20.7,62.1,2.12
UNIUSDT,31,17,14,13.22,-5.58,13.07,-4.16,67.7,58.1,32.3,5.65
WLDUSDT,22,12,10,8.55,-10.14,5.46,-12.19,50.0,27.3,63.6,-0.92
XAIUSDT,31,14,17,8.5,-7.69,5.84,-6.8,54.8,25.8,67.7,-1.06
XLMUSDT,31,16,15,10.95,-8.49,4.68,-4.85,48.4,32.3,45.2,1.06
XMRUSDT,25,17,8,7.42,-5.72,6.87,-4.4,60.0,40.0,40.0,-0.53
XPLUSDT,26,17,9,11.15,-13.75,7.74,-9.94,69.2,38.5,65.4,-1.65
XRPUSDT,26,10,16,6.02,-6.89,3.03,-2.43,26.9,7.7,26.9,-1.79
ZECUSDT,25,15,10,9.84,-12.39,5.7,-7.72,52.0,36.0,64.0,-3.59
