Model,Compounded,Timestamp,Equity_USD
V3-A,NO,1777075200000,10000.0
V3-A,NO,1777406400000,9948.84
V3-A,NO,1777435200000,9927.68
V3-A,NO,1777449600000,9927.24
V3-A,NO,1777449600000,9919.16
V3-A,NO,1777449600000,9864.13
V3-A,NO,1777478400000,9881.09
V3-A,NO,1777478400000,9866.8
V3-A,NO,1777550400000,9816.56
V3-A,NO,1777723200000,9765.98
V3-A,NO,1777809600000,9829.09
V3-A,NO,1777838400000,9804.83
V3-A,NO,1777838400000,9805.79
V3-A,NO,1777924800000,9797.8
V3-A,NO,1778083200000,9844.65
V3-A,NO,1778212800000,9859.38
V3-A,NO,1778212800000,9879.28
V3-A,NO,1778212800000,9875.16
V3-A,NO,1778299200000,9963.84
V3-A,NO,1778457600000,10044.35
V3-A,NO,1778572800000,10126.16
V3-A,NO,1778587200000,10131.57
V3-A,NO,1778601600000,10127.09
V3-A,NO,1778673600000,10075.36
V3-A,NO,1778774400000,10023.49
V3-A,NO,1778760000000,9969.36
V3-A,NO,1778932800000,10003.18
V3-A,NO,1778947200000,10049.68
V3-A,NO,1779004800000,10037.84
V3-A,NO,1779134400000,10074.91
V3-A,NO,1779134400000,10105.24
V3-A,NO,1779148800000,10054.36
V3-A,NO,1779192000000,9991.32
V3-A,NO,1779422400000,9984.48
V3-A,NO,1779480000000,9997.3
V3-A,NO,1779494400000,10041.59
V3-A,NO,1779508800000,10032.71
V3-A,NO,1779508800000,9981.19
V3-A,NO,1779552000000,9957.29
V3-A,NO,1779566400000,9906.02
V3-A,NO,1779840000000,9916.0
V3-A,NO,1779854400000,9893.46
V3-A,NO,1779868800000,9886.58
V3-A,NO,1779912000000,9846.49
V3-A,NO,1779926400000,9799.22
V3-A,NO,1780200000000,9832.92
V3-A,NO,1780228800000,9884.19
V3-A,NO,1780243200000,10053.34
V3-A,NO,1780272000000,10117.08
V3-A,NO,1780286400000,10118.98
V3-A,NO,1780560000000,10161.61
V3-A,NO,1780588800000,10204.71
V3-A,NO,1780603200000,10245.34
V3-A,NO,1780646400000,10333.52
V3-A,NO,1780646400000,10496.21
V3-A,NO,1780920000000,10509.43
V3-A,NO,1780963200000,10515.36
V3-A,NO,1780977600000,10513.68
V3-A,NO,1781020800000,10486.76
V3-A,NO,1781049600000,10436.06
V3-A,NO,1781265600000,10444.66
V3-A,NO,1781323200000,10445.5
V3-A,NO,1781337600000,10416.32
V3-A,NO,1781380800000,10425.04
V3-A,NO,1781409600000,10427.74
V3-A,NO,1781496000000,10377.07
V3-A,NO,1781683200000,10428.35
V3-A,NO,1781697600000,10437.56
V3-A,NO,1781740800000,10453.82
V3-A,NO,1781784000000,10403.08
V3-A,NO,1781798400000,10409.15
V3-A,NO,1782057600000,10400.4
V3-A,NO,1782057600000,10377.88
V3-A,NO,1782129600000,10362.35
V3-A,NO,1782144000000,10362.22
V3-A,NO,1782187200000,10365.63
V3-A,NO,1782201600000,10313.39
V3-A,NO,1782432000000,10355.8
V3-A,NO,1782504000000,10364.9
V3-A,NO,1782504000000,10397.71
V3-A,NO,1782547200000,10481.34
V3-A,NO,1782561600000,10466.37
V3-A,NO,1782820800000,10480.15
V3-A,NO,1782864000000,10491.41
V3-A,NO,1782878400000,10471.52
V3-A,NO,1782921600000,10479.18
V3-A,NO,1782936000000,10427.13
V3-A,NO,1782993600000,10376.04
V3-A,NO,1783022400000,10325.1
V3-A,NO,1783137600000,10274.77
V3-A,NO,1783224000000,10371.75
V3-A,NO,1783281600000,10414.34
V3-A,NO,1783310400000,10500.54
V3-A,NO,1783353600000,10472.89
V3-A,NO,1783497600000,10531.17
V3-A,NO,1783584000000,10517.48
V3-A,NO,1783670400000,10547.28
V3-A,NO,1783627200000,10492.67
V3-A,NO,1783684800000,10440.35
V3-A,NO,1783713600000,10416.35
V3-A,NO,1783958400000,10397.92
V3-A,NO,1784030400000,10345.49
V3-A,NO,1784044800000,10363.43
V3-A,NO,1784044800000,10370.18
V3-A,NO,1784088000000,10355.77
V3-A,NO,1784116800000,10335.03
V3-A,NO,1784289600000,10281.56
V3-A,NO,1784419200000,10278.57
V3-A,NO,1784433600000,10277.78
V3-A,NO,1784448000000,10453.38
V3-A,NO,1784476800000,10466.85
V3-A,NO,1784620800000,10415.18
V3-A,NO,1784635200000,10363.54
V3-A,NO,1784649600000,10382.01
V3-A,NO,1784836800000,10360.47
V3-A,NO,1784851200000,10368.21
V3-A,NO,1784980800000,10367.08
V3-A,NO,1784995200000,10332.99
V3-A,NO,1785009600000,10347.56
V3-A,NO,1785067200000,10296.18
V3-A,NO,1785182400000,10244.42
V3-A,NO,1785196800000,10250.66
V3-A,NO,1785240000000,10275.54
V3-A,NO,1785369600000,10285.04
V3-A,NO,1785369600000,10292.39
V3-A,NO,1785542400000,10274.93
V3-A,NO,1785528000000,10223.41
V3-A,NO,1785556800000,10225.58
V3-A,NO,1785715200000,10174.56
V3-A,NO,1785758400000,10173.85
V3-A,NO,1785902400000,10169.08
V3-A,NO,1785931200000,10137.24
V3-A,NO,1785960000000,10098.01
V3-A,NO,1786075200000,10066.3
V3-A,NO,1786118400000,10064.53
V3-A,NO,1786262400000,10211.75
V3-A,NO,1786320000000,10265.7
V3-A,NO,1786334400000,10231.55
V3-A,NO,1786435200000,10220.64
V3-A,NO,1786464000000,10169.7
V3-A,NO,1786492800000,10163.54
V3-A,NO,1786492800000,10112.51
V3-A,NO,1786694400000,10093.28
V3-A,NO,1786752000000,10041.77
V3-A,NO,1786795200000,10132.86
V3-A,NO,1786824000000,10210.87
V3-A,NO,1786838400000,10159.29
V3-A,NO,1786867200000,10160.98
V3-A,NO,1787025600000,10110.15
V3-A,NO,1787054400000,10102.0
V3-A,NO,1787140800000,10049.84
V3-A,NO,1787140800000,9993.05
V3-A,NO,1787169600000,9976.84
V3-A,NO,1787400000000,10354.22
V3-A,NO,1787443200000,10573.17
V3-A,NO,1787500800000,10954.74
V3-A,NO,1787500800000,11188.12
V3-A,NO,1787529600000,11257.22
V3-A,NO,1787630400000,11206.39
V3-A,NO,1787774400000,11213.61
V3-A,NO,1787803200000,11212.55
V3-A,NO,1787875200000,11216.76
V3-A,NO,1787990400000,11178.25
V3-A,NO,1787976000000,11128.0
V3-A,NO,1788120000000,11077.52
V3-A,NO,1788148800000,11073.21
V3-A,NO,1788206400000,11123.75
V3-A,NO,1788292800000,11141.51
V3-A,NO,1788350400000,11117.21
V3-A,NO,1788364800000,11066.94
V3-A,NO,1788436800000,11016.15
V3-A,NO,1788480000000,10971.49
V3-A,NO,1788580800000,11068.97
V3-A,NO,1788724800000,11052.95
V3-A,NO,1788739200000,11036.66
V3-A,NO,1788796800000,11038.67
V3-A,NO,1788840000000,11026.62
V3-A,NO,1788940800000,11005.72
V3-A,NO,1789099200000,11033.23
V3-A,NO,1789113600000,11001.41
V3-A,NO,1789156800000,10992.96
V3-A,NO,1789200000000,11011.25
V3-A,NO,1789300800000,13896.52
V3-A,NO,1789459200000,14025.86
V3-A,NO,1789488000000,13973.83
V3-A,NO,1789531200000,13982.56
V3-A,NO,1789560000000,14042.96
V3-A,NO,1789603200000,13991.54
V3-A,NO,1789646400000,13939.47
V3-A,NO,1789660800000,13888.02
V3-A,NO,1789689600000,13836.83
V3-A,NO,1789819200000,13959.67
V3-A,NO,1789963200000,13945.74
V3-A,NO,1790006400000,14110.62
V3-A,NO,1790020800000,14190.71
V3-A,NO,1790049600000,14215.8
V3-A,NO,1790164800000,14164.4
V3-A,NO,1790164800000,14113.47
V3-A,NO,1790236800000,14062.87
V3-A,NO,1790236800000,14010.76
V3-A,NO,1790251200000,13959.89
V3-A,NO,1790294400000,14110.43
V3-A,NO,1790308800000,14110.55
V3-A,NO,1790294400000,14105.88
V3-A,NO,1790294400000,14084.34
V3-A,NO,1790294400000,14064.82
V3-A,YES,1777075200000,10000.0
V3-A,YES,1777406400000,9948.84
V3-A,YES,1777435200000,9927.68
V3-A,YES,1777449600000,9927.24
V3-A,YES,1777449600000,9919.16
V3-A,YES,1777449600000,9864.41
V3-A,YES,1777478400000,9881.37
V3-A,YES,1777478400000,9867.27
V3-A,YES,1777550400000,9817.71
V3-A,YES,1777723200000,9767.49
V3-A,YES,1777809600000,9829.74
V3-A,YES,1777838400000,9805.8
V3-A,YES,1777838400000,9806.74
V3-A,YES,1777924800000,9798.9
V3-A,YES,1778083200000,9844.66
V3-A,YES,1778212800000,9859.1
V3-A,YES,1778212800000,9878.61
V3-A,YES,1778212800000,9874.57
V3-A,YES,1778299200000,9961.46
V3-A,YES,1778457600000,10040.72
V3-A,YES,1778572800000,10121.51
V3-A,YES,1778587200000,10126.86
V3-A,YES,1778601600000,10122.44
V3-A,YES,1778673600000,10070.91
V3-A,YES,1778774400000,10018.83
V3-A,YES,1778760000000,9964.31
V3-A,YES,1778932800000,9998.54
V3-A,YES,1778947200000,10045.63
V3-A,YES,1779004800000,10033.65
V3-A,YES,1779134400000,10070.58
V3-A,YES,1779134400000,10100.8
V3-A,YES,1779148800000,10049.75
V3-A,YES,1779192000000,9986.07
V3-A,YES,1779422400000,9979.21
V3-A,YES,1779480000000,9992.07
V3-A,YES,1779494400000,10036.81
V3-A,YES,1779508800000,10027.89
V3-A,YES,1779508800000,9976.48
V3-A,YES,1779552000000,9952.61
V3-A,YES,1779566400000,9901.46
V3-A,YES,1779840000000,9911.43
V3-A,YES,1779854400000,9888.81
V3-A,YES,1779868800000,9881.95
V3-A,YES,1779912000000,9842.05
V3-A,YES,1779926400000,9795.25
V3-A,YES,1780200000000,9828.65
V3-A,YES,1780228800000,9879.32
V3-A,YES,1780243200000,10046.48
V3-A,YES,1780272000000,10109.21
V3-A,YES,1780286400000,10111.07
V3-A,YES,1780560000000,10152.97
V3-A,YES,1780588800000,10195.55
V3-A,YES,1780603200000,10236.37
V3-A,YES,1780646400000,10325.53
V3-A,YES,1780646400000,10490.02
V3-A,YES,1780920000000,10503.44
V3-A,YES,1780963200000,10509.51
V3-A,YES,1780977600000,10507.79
V3-A,YES,1781020800000,10479.55
V3-A,YES,1781049600000,10426.29
V3-A,YES,1781265600000,10435.31
V3-A,YES,1781323200000,10436.19
V3-A,YES,1781337600000,10405.53
V3-A,YES,1781380800000,10414.67
V3-A,YES,1781409600000,10417.49
V3-A,YES,1781496000000,10364.61
V3-A,YES,1781683200000,10418.12
V3-A,YES,1781697600000,10427.71
V3-A,YES,1781740800000,10444.64
V3-A,YES,1781784000000,10392.05
V3-A,YES,1781798400000,10398.37
V3-A,YES,1782057600000,10389.25
V3-A,YES,1782057600000,10365.77
V3-A,YES,1782129600000,10349.55
V3-A,YES,1782144000000,10349.41
V3-A,YES,1782187200000,10352.96
V3-A,YES,1782201600000,10298.81
V3-A,YES,1782432000000,10342.77
V3-A,YES,1782504000000,10352.19
V3-A,YES,1782504000000,10386.15
V3-A,YES,1782547200000,10472.73
V3-A,YES,1782561600000,10457.31
V3-A,YES,1782820800000,10471.56
V3-A,YES,1782864000000,10483.26
V3-A,YES,1782878400000,10462.6
V3-A,YES,1782921600000,10470.61
V3-A,YES,1782936000000,10416.18
V3-A,YES,1782993600000,10362.72
V3-A,YES,1783022400000,10309.38
V3-A,YES,1783137600000,10257.49
V3-A,YES,1783224000000,10359.15
V3-A,YES,1783281600000,10403.75
V3-A,YES,1783310400000,10493.54
V3-A,YES,1783353600000,10464.88
V3-A,YES,1783497600000,10524.67
V3-A,YES,1783584000000,10510.49
V3-A,YES,1783670400000,10541.76
V3-A,YES,1783627200000,10484.45
V3-A,YES,1783684800000,10429.39
V3-A,YES,1783713600000,10404.28
V3-A,YES,1783958400000,10384.91
V3-A,YES,1784030400000,10330.46
V3-A,YES,1784044800000,10349.17
V3-A,YES,1784044800000,10356.21
V3-A,YES,1784088000000,10341.22
V3-A,YES,1784116800000,10319.65
V3-A,YES,1784289600000,10264.42
V3-A,YES,1784419200000,10261.33
V3-A,YES,1784433600000,10260.51
V3-A,YES,1784448000000,10442.1
V3-A,YES,1784476800000,10456.0
V3-A,YES,1784620800000,10401.98
V3-A,YES,1784635200000,10348.99
V3-A,YES,1784649600000,10367.95
V3-A,YES,1784836800000,10345.43
V3-A,YES,1784851200000,10353.52
V3-A,YES,1784980800000,10352.34
V3-A,YES,1784995200000,10317.06
V3-A,YES,1785009600000,10332.17
V3-A,YES,1785067200000,10279.08
V3-A,YES,1785182400000,10225.88
V3-A,YES,1785196800000,10232.34
V3-A,YES,1785240000000,10258.1
V3-A,YES,1785369600000,10267.92
V3-A,YES,1785369600000,10275.51
V3-A,YES,1785542400000,10257.65
V3-A,YES,1785528000000,10204.8
V3-A,YES,1785556800000,10207.02
V3-A,YES,1785715200000,10154.59
V3-A,YES,1785758400000,10153.86
V3-A,YES,1785902400000,10149.0
V3-A,YES,1785931200000,10116.5
V3-A,YES,1785960000000,10076.46
V3-A,YES,1786075200000,10044.26
V3-A,YES,1786118400000,10042.46
V3-A,YES,1786262400000,10191.87
V3-A,YES,1786320000000,10246.23
V3-A,YES,1786334400000,10211.82
V3-A,YES,1786435200000,10200.86
V3-A,YES,1786464000000,10148.94
V3-A,YES,1786492800000,10142.76
V3-A,YES,1786492800000,10090.47
V3-A,YES,1786694400000,10070.83
V3-A,YES,1786752000000,10018.86
V3-A,YES,1786795200000,10111.77
V3-A,YES,1786824000000,10190.95
V3-A,YES,1786838400000,10139.27
V3-A,YES,1786867200000,10140.97
V3-A,YES,1787025600000,10089.43
V3-A,YES,1787054400000,10081.23
V3-A,YES,1787140800000,10028.34
V3-A,YES,1787140800000,9970.75
V3-A,YES,1787169600000,9954.36
V3-A,YES,1787400000000,10335.11
V3-A,YES,1787443200000,10555.83
V3-A,YES,1787500800000,10936.28
V3-A,YES,1787500800000,11168.98
V3-A,YES,1787529600000,11237.76
V3-A,YES,1787630400000,11180.64
V3-A,YES,1787774400000,11188.11
V3-A,YES,1787803200000,11186.99
V3-A,YES,1787875200000,11191.69
V3-A,YES,1787990400000,11148.63
V3-A,YES,1787976000000,11092.45
V3-A,YES,1788120000000,11036.46
V3-A,YES,1788148800000,11031.64
V3-A,YES,1788206400000,11088.18
V3-A,YES,1788292800000,11108.05
V3-A,YES,1788350400000,11081.09
V3-A,YES,1788364800000,11025.64
V3-A,YES,1788436800000,10969.22
V3-A,YES,1788480000000,10919.93
V3-A,YES,1788580800000,11028.02
V3-A,YES,1788724800000,11010.36
V3-A,YES,1788739200000,10992.4
V3-A,YES,1788796800000,10994.61
V3-A,YES,1788840000000,10981.45
V3-A,YES,1788940800000,10958.4
V3-A,YES,1789099200000,10988.64
V3-A,YES,1789113600000,10953.66
V3-A,YES,1789156800000,10944.37
V3-A,YES,1789200000000,10964.45
V3-A,YES,1789300800000,14126.25
V3-A,YES,1789459200000,14268.37
V3-A,YES,1789488000000,14211.37
V3-A,YES,1789531200000,14220.93
V3-A,YES,1789560000000,14287.15
V3-A,YES,1789603200000,14214.52
V3-A,YES,1789646400000,14140.13
V3-A,YES,1789660800000,14066.96
V3-A,YES,1789689600000,13994.22
V3-A,YES,1789819200000,14169.5
V3-A,YES,1789963200000,14149.69
V3-A,YES,1790006400000,14382.84
V3-A,YES,1790020800000,14495.5
V3-A,YES,1790049600000,14530.61
V3-A,YES,1790164800000,14457.78
V3-A,YES,1790164800000,14383.95
V3-A,YES,1790236800000,14310.42
V3-A,YES,1790236800000,14234.7
V3-A,YES,1790251200000,14161.52
V3-A,YES,1790294400000,14374.53
V3-A,YES,1790308800000,14374.7
V3-A,YES,1790294400000,14368.05
V3-A,YES,1790294400000,14337.54
V3-A,YES,1790294400000,14309.9
V3-B,NO,1777075200000,10000.0
V3-B,NO,1777435200000,9978.84
V3-B,NO,1777449600000,9978.4
V3-B,NO,1777449600000,9970.32
V3-B,NO,1777478400000,9972.02
V3-B,NO,1777478400000,9988.98
V3-B,NO,1777507200000,9977.88
V3-B,NO,1777795200000,9923.74
V3-B,NO,1777809600000,9986.85
V3-B,NO,1777809600000,10062.33
V3-B,NO,1777838400000,10063.29
V3-B,NO,1777881600000,10054.89
V3-B,NO,1777881600000,10039.29
V3-B,NO,1777896000000,10029.21
V3-B,NO,1777924800000,10006.03
V3-B,NO,1778011200000,9975.7
V3-B,NO,1778155200000,10098.79
V3-B,NO,1778241600000,10067.26
V3-B,NO,1778256000000,10047.5
V3-B,NO,1778299200000,10117.1
V3-B,NO,1778371200000,10135.76
V3-B,NO,1778515200000,10166.7
V3-B,NO,1778601600000,10162.22
V3-B,NO,1778616000000,10133.94
V3-B,NO,1778673600000,10111.4
V3-B,NO,1778702400000,10055.73
V3-B,NO,1778774400000,10046.21
V3-B,NO,1778760000000,9992.8
V3-B,NO,1778875200000,9979.82
V3-B,NO,1779004800000,10017.03
V3-B,NO,1778932800000,10031.63
V3-B,NO,1779134400000,10068.7
V3-B,NO,1779134400000,10099.03
V3-B,NO,1779177600000,10151.33
V3-B,NO,1779177600000,10113.82
V3-B,NO,1779422400000,10106.98
V3-B,NO,1779494400000,10023.14
V3-B,NO,1779494400000,10067.43
V3-B,NO,1779580800000,10040.62
V3-B,NO,1779595200000,10107.8
V3-B,NO,1779624000000,10090.34
V3-B,NO,1779796800000,10053.83
V3-B,NO,1779854400000,10031.29
V3-B,NO,1779868800000,10024.41
V3-B,NO,1779883200000,10014.7
V3-B,NO,1779897600000,10020.39
V3-B,NO,1779940800000,10098.81
V3-B,NO,1779984000000,10145.87
V3-B,NO,1780243200000,10170.58
V3-B,NO,1780243200000,10339.73
V3-B,NO,1780257600000,10355.52
V3-B,NO,1780315200000,10363.03
V3-B,NO,1780344000000,10367.14
V3-B,NO,1780387200000,10433.06
V3-B,NO,1780401600000,10401.07
V3-B,NO,1780603200000,10441.7
V3-B,NO,1780603200000,10491.7
V3-B,NO,1780718400000,10625.66
V3-B,NO,1780747200000,10738.84
V3-B,NO,1780761600000,10817.85
V3-B,NO,1780963200000,10793.81
V3-B,NO,1780963200000,10799.74
V3-B,NO,1780934400000,10797.57
V3-B,NO,1781208000000,10774.61
V3-B,NO,1781265600000,10815.07
V3-B,NO,1781323200000,10815.91
V3-B,NO,1781323200000,10821.88
V3-B,NO,1781337600000,10792.7
V3-B,NO,1781438400000,10782.65
V3-B,NO,1781467200000,10761.24
V3-B,NO,1781568000000,10797.47
V3-B,NO,1781640000000,10767.59
V3-B,NO,1781683200000,10773.03
V3-B,NO,1781697600000,10782.24
V3-B,NO,1781726400000,10788.04
V3-B,NO,1781726400000,10790.43
V3-B,NO,1781827200000,10772.42
V3-B,NO,1781928000000,10733.87
V3-B,NO,1781971200000,10714.88
V3-B,NO,1782014400000,10706.53
V3-B,NO,1782043200000,10704.09
V3-B,NO,1782129600000,10688.56
V3-B,NO,1782129600000,10699.54
V3-B,NO,1782187200000,10702.95
V3-B,NO,1782187200000,10691.29
V3-B,NO,1782374400000,10671.22
V3-B,NO,1782504000000,10680.32
V3-B,NO,1782504000000,10713.13
V3-B,NO,1782547200000,10796.76
V3-B,NO,1782547200000,10810.16
V3-B,NO,1782576000000,10799.11
V3-B,NO,1782734400000,10798.5
V3-B,NO,1782705600000,10784.25
V3-B,NO,1782777600000,10778.23
V3-B,NO,1782777600000,10760.86
V3-B,NO,1782806400000,10739.21
V3-B,NO,1782878400000,10719.32
V3-B,NO,1782907200000,10693.24
V3-B,NO,1782921600000,10700.9
V3-B,NO,1782950400000,10689.33
V3-B,NO,1783166400000,10620.5
V3-B,NO,1783166400000,10587.67
V3-B,NO,1783209600000,10573.63
V3-B,NO,1783209600000,10563.76
V3-B,NO,1783267200000,10688.61
V3-B,NO,1783281600000,10731.2
V3-B,NO,1783310400000,10817.4
V3-B,NO,1783425600000,10818.12
V3-B,NO,1783454400000,10805.51
V3-B,NO,1783584000000,10791.82
V3-B,NO,1783598400000,10770.82
V3-B,NO,1783627200000,10746.92
V3-B,NO,1783785600000,10741.14
V3-B,NO,1783814400000,10726.12
V3-B,NO,1783886400000,10740.93
V3-B,NO,1783958400000,10767.24
V3-B,NO,1783958400000,10748.81
V3-B,NO,1784030400000,10764.32
V3-B,NO,1784145600000,10760.75
V3-B,NO,1784188800000,10768.01
V3-B,NO,1784174400000,10762.41
V3-B,NO,1784232000000,10756.03
V3-B,NO,1784260800000,10751.53
V3-B,NO,1784304000000,10746.34
V3-B,NO,1784347200000,10730.21
V3-B,NO,1784448000000,10702.53
V3-B,NO,1784505600000,10686.41
V3-B,NO,1784520000000,10680.4
V3-B,NO,1784548800000,10680.21
V3-B,NO,1784548800000,10675.52
V3-B,NO,1784635200000,10664.07
V3-B,NO,1784707200000,10643.71
V3-B,NO,1784865600000,10630.61
V3-B,NO,1784952000000,10601.73
V3-B,NO,1784952000000,10561.7
V3-B,NO,1784995200000,10527.61
V3-B,NO,1784980800000,10523.06
V3-B,NO,1785067200000,10510.01
V3-B,NO,1785096000000,10506.52
V3-B,NO,1785182400000,10483.06
V3-B,NO,1785240000000,10507.94
V3-B,NO,1785326400000,10435.15
V3-B,NO,1785369600000,10442.5
V3-B,NO,1785369600000,10433.65
V3-B,NO,1785456000000,10430.39
V3-B,NO,1785456000000,10403.14
V3-B,NO,1785542400000,10385.68
V3-B,NO,1785600000000,10342.03
V3-B,NO,1785729600000,10310.64
V3-B,NO,1785758400000,10309.93
V3-B,NO,1785816000000,10313.72
V3-B,NO,1785816000000,10310.08
V3-B,NO,1785902400000,10305.31
V3-B,NO,1785945600000,10291.47
V3-B,NO,1785945600000,10261.36
V3-B,NO,1785931200000,10257.65
V3-B,NO,1785988800000,10265.04
V3-B,NO,1786104000000,10230.93
V3-B,NO,1786118400000,10229.16
V3-B,NO,1786334400000,10195.01
V3-B,NO,1786334400000,10239.8
V3-B,NO,1786348800000,10285.64
V3-B,NO,1786478400000,10265.14
V3-B,NO,1786492800000,10258.98
V3-B,NO,1786507200000,10246.49
V3-B,NO,1786536000000,10224.38
V3-B,NO,1786694400000,10205.15
V3-B,NO,1786694400000,10197.22
V3-B,NO,1786852800000,10185.37
V3-B,NO,1786867200000,10187.06
V3-B,NO,1786896000000,10202.39
V3-B,NO,1786939200000,10197.19
V3-B,NO,1786982400000,10174.97
V3-B,NO,1787054400000,10166.82
V3-B,NO,1787068800000,10195.13
V3-B,NO,1787083200000,10180.77
V3-B,NO,1787241600000,10183.79
V3-B,NO,1787270400000,10101.43
V3-B,NO,1787443200000,10320.38
V3-B,NO,1787457600000,10519.9
V3-B,NO,1787472000000,10781.45
V3-B,NO,1787572800000,10775.74
V3-B,NO,1787616000000,10808.28
V3-B,NO,1787630400000,10818.47
V3-B,NO,1787616000000,10782.89
V3-B,NO,1787803200000,10781.83
V3-B,NO,1787918400000,10761.59
V3-B,NO,1787947200000,10799.03
V3-B,NO,1787990400000,10760.52
V3-B,NO,1788019200000,10757.85
V3-B,NO,1788076800000,10748.62
V3-B,NO,1788120000000,10745.11
V3-B,NO,1788148800000,10717.93
V3-B,NO,1788220800000,10710.68
V3-B,NO,1788292800000,10728.44
V3-B,NO,1788350400000,10704.14
V3-B,NO,1788379200000,10815.62
V3-B,NO,1788480000000,10770.96
V3-B,NO,1788523200000,10760.16
V3-B,NO,1788580800000,10857.64
V3-B,NO,1788652800000,10770.22
V3-B,NO,1788724800000,10754.2
V3-B,NO,1788739200000,10737.91
V3-B,NO,1788897600000,10944.59
V3-B,NO,1788940800000,10923.69
V3-B,NO,1789012800000,10878.68
V3-B,NO,1789099200000,10906.19
V3-B,NO,1789113600000,10874.37
V3-B,NO,1789228800000,10866.48
V3-B,NO,1789286400000,10807.31
V3-B,NO,1789300800000,13692.58
V3-B,NO,1789372800000,13678.27
V3-B,NO,1789459200000,13807.61
V3-B,NO,1789574400000,13780.32
V3-B,NO,1789588800000,13757.93
V3-B,NO,1789646400000,13782.7
V3-B,NO,1789660800000,13706.04
V3-B,NO,1789732800000,13665.67
V3-B,NO,1789934400000,13698.47
V3-B,NO,1789948800000,13909.84
V3-B,NO,1790006400000,14074.72
V3-B,NO,1790020800000,14154.81
V3-B,NO,1790092800000,14201.94
V3-B,NO,1790164800000,14176.89
V3-B,NO,1790164800000,14150.06
V3-B,NO,1790280000000,14135.82
V3-B,NO,1790294400000,14087.49
V3-B,NO,1790294400000,14186.46
V3-B,NO,1790294400000,14156.64
V3-B,NO,1790308800000,14156.76
V3-B,YES,1777075200000,10000.0
V3-B,YES,1777435200000,9978.84
V3-B,YES,1777449600000,9978.4
V3-B,YES,1777449600000,9970.32
V3-B,YES,1777478400000,9972.02
V3-B,YES,1777478400000,9988.98
V3-B,YES,1777507200000,9977.89
V3-B,YES,1777795200000,9923.87
V3-B,YES,1777809600000,9986.79
V3-B,YES,1777809600000,10062.05
V3-B,YES,1777838400000,10063.0
V3-B,YES,1777881600000,10054.55
V3-B,YES,1777881600000,10038.86
V3-B,YES,1777896000000,10028.8
V3-B,YES,1777924800000,10005.47
V3-B,YES,1778011200000,9975.02
V3-B,YES,1778155200000,10097.17
V3-B,YES,1778241600000,10065.52
V3-B,YES,1778256000000,10045.71
V3-B,YES,1778299200000,10115.35
V3-B,YES,1778371200000,10133.97
V3-B,YES,1778515200000,10165.21
V3-B,YES,1778601600000,10160.7
V3-B,YES,1778616000000,10132.29
V3-B,YES,1778673600000,10109.45
V3-B,YES,1778702400000,10053.13
V3-B,YES,1778774400000,10043.49
V3-B,YES,1778760000000,9989.5
V3-B,YES,1778875200000,9976.31
V3-B,YES,1779004800000,10014.02
V3-B,YES,1778932800000,10028.58
V3-B,YES,1779134400000,10065.61
V3-B,YES,1779134400000,10095.91
V3-B,YES,1779177600000,10148.16
V3-B,YES,1779177600000,10110.54
V3-B,YES,1779422400000,10103.68
V3-B,YES,1779494400000,10019.04
V3-B,YES,1779494400000,10063.76
V3-B,YES,1779580800000,10036.65
V3-B,YES,1779595200000,10104.57
V3-B,YES,1779624000000,10086.93
V3-B,YES,1779796800000,10050.04
V3-B,YES,1779854400000,10027.36
V3-B,YES,1779868800000,10020.44
V3-B,YES,1779883200000,10010.68
V3-B,YES,1779897600000,10016.38
V3-B,YES,1779940800000,10095.09
V3-B,YES,1779984000000,10142.56
V3-B,YES,1780243200000,10167.3
V3-B,YES,1780243200000,10336.63
V3-B,YES,1780257600000,10352.45
V3-B,YES,1780315200000,10360.04
V3-B,YES,1780344000000,10364.3
V3-B,YES,1780387200000,10431.16
V3-B,YES,1780401600000,10398.04
V3-B,YES,1780603200000,10440.04
V3-B,YES,1780603200000,10491.72
V3-B,YES,1780718400000,10630.56
V3-B,YES,1780747200000,10748.62
V3-B,YES,1780761600000,10830.78
V3-B,YES,1780963200000,10805.55
V3-B,YES,1780963200000,10811.77
V3-B,YES,1780934400000,10809.42
V3-B,YES,1781208000000,10784.55
V3-B,YES,1781265600000,10828.37
V3-B,YES,1781323200000,10829.28
V3-B,YES,1781323200000,10835.73
V3-B,YES,1781337600000,10804.19
V3-B,YES,1781438400000,10793.3
V3-B,YES,1781467200000,10770.19
V3-B,YES,1781568000000,10809.27
V3-B,YES,1781640000000,10776.92
V3-B,YES,1781683200000,10782.81
V3-B,YES,1781697600000,10792.76
V3-B,YES,1781726400000,10799.02
V3-B,YES,1781726400000,10801.6
V3-B,YES,1781827200000,10782.21
V3-B,YES,1781928000000,10740.54
V3-B,YES,1781971200000,10720.15
V3-B,YES,1782014400000,10711.15
V3-B,YES,1782043200000,10708.53
V3-B,YES,1782129600000,10691.76
V3-B,YES,1782129600000,10703.62
V3-B,YES,1782187200000,10707.3
V3-B,YES,1782187200000,10694.81
V3-B,YES,1782374400000,10673.31
V3-B,YES,1782504000000,10683.05
V3-B,YES,1782504000000,10718.17
V3-B,YES,1782547200000,10807.61
V3-B,YES,1782547200000,10821.94
V3-B,YES,1782576000000,10810.1
V3-B,YES,1782734400000,10809.45
V3-B,YES,1782705600000,10794.04
V3-B,YES,1782777600000,10787.54
V3-B,YES,1782777600000,10768.79
V3-B,YES,1782806400000,10745.48
V3-B,YES,1782878400000,10724.16
V3-B,YES,1782907200000,10696.19
V3-B,YES,1782921600000,10704.48
V3-B,YES,1782950400000,10691.98
V3-B,YES,1783166400000,10618.02
V3-B,YES,1783166400000,10582.75
V3-B,YES,1783209600000,10567.9
V3-B,YES,1783209600000,10557.46
V3-B,YES,1783267200000,10691.0
V3-B,YES,1783281600000,10736.59
V3-B,YES,1783310400000,10828.75
V3-B,YES,1783425600000,10829.53
V3-B,YES,1783454400000,10815.87
V3-B,YES,1783584000000,10801.42
V3-B,YES,1783598400000,10779.25
V3-B,YES,1783627200000,10753.7
V3-B,YES,1783785600000,10747.44
V3-B,YES,1783814400000,10731.19
V3-B,YES,1783886400000,10747.11
V3-B,YES,1783958400000,10775.47
V3-B,YES,1783958400000,10755.61
V3-B,YES,1784030400000,10772.29
V3-B,YES,1784145600000,10768.45
V3-B,YES,1784188800000,10776.24
V3-B,YES,1784174400000,10770.21
V3-B,YES,1784232000000,10763.34
V3-B,YES,1784260800000,10758.51
V3-B,YES,1784304000000,10752.92
V3-B,YES,1784347200000,10735.57
V3-B,YES,1784448000000,10705.81
V3-B,YES,1784505600000,10688.45
V3-B,YES,1784520000000,10682.02
V3-B,YES,1784548800000,10681.82
V3-B,YES,1784548800000,10676.81
V3-B,YES,1784635200000,10664.49
V3-B,YES,1784707200000,10642.64
V3-B,YES,1784865600000,10628.64
V3-B,YES,1784952000000,10597.81
V3-B,YES,1784952000000,10555.07
V3-B,YES,1784995200000,10518.71
V3-B,YES,1784980800000,10513.91
V3-B,YES,1785067200000,10500.02
V3-B,YES,1785096000000,10496.35
V3-B,YES,1785182400000,10471.73
V3-B,YES,1785240000000,10498.18
V3-B,YES,1785326400000,10421.35
V3-B,YES,1785369600000,10429.08
V3-B,YES,1785369600000,10419.85
V3-B,YES,1785456000000,10416.43
V3-B,YES,1785456000000,10388.04
V3-B,YES,1785542400000,10369.75
V3-B,YES,1785600000000,10323.93
V3-B,YES,1785729600000,10291.52
V3-B,YES,1785758400000,10290.78
V3-B,YES,1785816000000,10294.71
V3-B,YES,1785816000000,10290.93
V3-B,YES,1785902400000,10285.99
V3-B,YES,1785945600000,10271.74
V3-B,YES,1785945600000,10240.75
V3-B,YES,1785931200000,10236.94
V3-B,YES,1785988800000,10244.51
V3-B,YES,1786104000000,10209.4
V3-B,YES,1786118400000,10207.58
V3-B,YES,1786334400000,10172.62
V3-B,YES,1786334400000,10218.47
V3-B,YES,1786348800000,10265.43
V3-B,YES,1786478400000,10244.38
V3-B,YES,1786492800000,10238.1
V3-B,YES,1786507200000,10225.35
V3-B,YES,1786536000000,10202.7
V3-B,YES,1786694400000,10183.05
V3-B,YES,1786694400000,10174.95
V3-B,YES,1786852800000,10162.81
V3-B,YES,1786867200000,10164.53
V3-B,YES,1786896000000,10180.17
V3-B,YES,1786939200000,10174.87
V3-B,YES,1786982400000,10152.26
V3-B,YES,1787054400000,10143.97
V3-B,YES,1787068800000,10172.77
V3-B,YES,1787083200000,10158.19
V3-B,YES,1787241600000,10161.26
V3-B,YES,1787270400000,10077.41
V3-B,YES,1787443200000,10299.82
V3-B,YES,1787457600000,10502.5
V3-B,YES,1787472000000,10768.18
V3-B,YES,1787572800000,10762.03
V3-B,YES,1787616000000,10795.09
V3-B,YES,1787630400000,10805.36
V3-B,YES,1787616000000,10767.05
V3-B,YES,1787803200000,10765.96
V3-B,YES,1787918400000,10744.16
V3-B,YES,1787947200000,10784.45
V3-B,YES,1787990400000,10742.98
V3-B,YES,1788019200000,10740.11
V3-B,YES,1788076800000,10730.16
V3-B,YES,1788120000000,10726.38
V3-B,YES,1788148800000,10697.23
V3-B,YES,1788220800000,10689.48
V3-B,YES,1788292800000,10708.56
V3-B,YES,1788350400000,10682.45
V3-B,YES,1788379200000,10802.19
V3-B,YES,1788480000000,10754.28
V3-B,YES,1788523200000,10742.66
V3-B,YES,1788580800000,10846.86
V3-B,YES,1788652800000,10753.25
V3-B,YES,1788724800000,10736.14
V3-B,YES,1788739200000,10718.55
V3-B,YES,1788897600000,10940.58
V3-B,YES,1788940800000,10917.91
V3-B,YES,1789012800000,10869.51
V3-B,YES,1789099200000,10899.0
V3-B,YES,1789113600000,10864.89
V3-B,YES,1789228800000,10856.31
V3-B,YES,1789286400000,10791.58
V3-B,YES,1789300800000,13941.7
V3-B,YES,1789372800000,13926.15
V3-B,YES,1789459200000,14067.11
V3-B,YES,1789574400000,14028.73
V3-B,YES,1789588800000,14004.42
V3-B,YES,1789646400000,14031.15
V3-B,YES,1789660800000,13924.27
V3-B,YES,1789732800000,13868.05
V3-B,YES,1789934400000,13914.06
V3-B,YES,1789948800000,14210.06
V3-B,YES,1790006400000,14441.41
V3-B,YES,1790020800000,14552.93
V3-B,YES,1790092800000,14618.29
V3-B,YES,1790164800000,14581.83
V3-B,YES,1790164800000,14542.6
V3-B,YES,1790280000000,14521.89
V3-B,YES,1790294400000,14453.21
V3-B,YES,1790294400000,14593.85
V3-B,YES,1790294400000,14550.46
V3-B,YES,1790308800000,14550.63
V3-C,NO,1777075200000,10000.0
V3-C,NO,1777406400000,9948.84
V3-C,NO,1777435200000,9925.89
V3-C,NO,1777478400000,9874.48
V3-C,NO,1777507200000,9863.38
V3-C,NO,1777723200000,9812.8
V3-C,NO,1777795200000,9835.28
V3-C,NO,1777795200000,9832.86
V3-C,NO,1777824000000,9852.34
V3-C,NO,1777881600000,9836.53
V3-C,NO,1777881600000,9828.13
V3-C,NO,1778011200000,9797.8
V3-C,NO,1778241600000,9765.79
V3-C,NO,1778256000000,9713.96
V3-C,NO,1778428800000,9838.23
V3-C,NO,1778500800000,9917.04
V3-C,NO,1778673600000,9865.46
V3-C,NO,1778673600000,9812.18
V3-C,NO,1778716800000,9790.81
V3-C,NO,1778760000000,9736.68
V3-C,NO,1778760000000,9719.2
V3-C,NO,1778947200000,9683.09
V3-C,NO,1779134400000,9710.34
V3-C,NO,1779480000000,9796.13
V3-C,NO,1779480000000,9865.19
V3-C,NO,1779508800000,9906.44
V3-C,NO,1779523200000,9987.48
V3-C,NO,1779566400000,9972.71
V3-C,NO,1779566400000,9918.78
V3-C,NO,1779739200000,9926.98
V3-C,NO,1779768000000,9938.13
V3-C,NO,1779811200000,9886.16
V3-C,NO,1779883200000,9876.45
V3-C,NO,1779926400000,9824.58
V3-C,NO,1779940800000,9770.69
V3-C,NO,1780214400000,9775.72
V3-C,NO,1780401600000,9724.69
V3-C,NO,1780444800000,9837.47
V3-C,NO,1780588800000,9967.75
V3-C,NO,1780632000000,10083.09
V3-C,NO,1780660800000,10174.44
V3-C,NO,1780632000000,10123.93
V3-C,NO,1780934400000,10121.76
V3-C,NO,1781107200000,10192.47
V3-C,NO,1781107200000,10141.29
V3-C,NO,1781164800000,10123.49
V3-C,NO,1781366400000,10092.02
V3-C,NO,1781496000000,10041.24
V3-C,NO,1781524800000,9990.1
V3-C,NO,1781611200000,10014.42
V3-C,NO,1781668800000,9999.25
V3-C,NO,1781726400000,10005.05
V3-C,NO,1781784000000,9954.31
V3-C,NO,1782072000000,10026.6
V3-C,NO,1782072000000,9975.15
V3-C,NO,1782072000000,9924.0
V3-C,NO,1782100800000,9912.54
V3-C,NO,1782100800000,9910.65
V3-C,NO,1782100800000,9903.56
V3-C,NO,1782187200000,9863.56
V3-C,NO,1782187200000,9811.98
V3-C,NO,1782475200000,9767.8
V3-C,NO,1782489600000,9871.44
V3-C,NO,1782576000000,9860.39
V3-C,NO,1782705600000,9846.14
V3-C,NO,1782777600000,9828.77
V3-C,NO,1782806400000,9807.12
V3-C,NO,1782849600000,9823.32
V3-C,NO,1782892800000,9828.37
V3-C,NO,1782892800000,9810.35
V3-C,NO,1783080000000,9758.85
V3-C,NO,1783108800000,9705.61
V3-C,NO,1783180800000,9654.61
V3-C,NO,1783195200000,9652.81
V3-C,NO,1783209600000,9639.25
V3-C,NO,1783598400000,9630.52
V3-C,NO,1783785600000,9599.09
V3-C,NO,1783886400000,9602.83
V3-C,NO,1783886400000,9617.64
V3-C,NO,1783929600000,9602.79
V3-C,NO,1783944000000,9572.23
V3-C,NO,1783987200000,9565.94
V3-C,NO,1784145600000,9562.37
V3-C,NO,1784304000000,9556.32
V3-C,NO,1784606400000,9558.02
V3-C,NO,1784606400000,9514.45
V3-C,NO,1784635200000,9518.51
V3-C,NO,1784649600000,9513.1
V3-C,NO,1784851200000,9537.36
V3-C,NO,1785038400000,9516.95
V3-C,NO,1785182400000,9465.19
V3-C,NO,1785312000000,9452.85
V3-C,NO,1785340800000,9409.25
V3-C,NO,1785355200000,9435.66
V3-C,NO,1785513600000,9446.09
V3-C,NO,1785585600000,9477.2
V3-C,NO,1785729600000,9445.81
V3-C,NO,1785888000000,9429.57
V3-C,NO,1785888000000,9377.65
V3-C,NO,1786017600000,9368.74
V3-C,NO,1786104000000,9366.41
V3-C,NO,1786219200000,9313.85
V3-C,NO,1786449600000,9276.19
V3-C,NO,1786593600000,9266.62
V3-C,NO,1786593600000,9335.76
V3-C,NO,1786593600000,9326.55
V3-C,NO,1786622400000,9274.22
V3-C,NO,1786680000000,9222.35
V3-C,NO,1786838400000,9169.74
V3-C,NO,1787140800000,9117.57
V3-C,NO,1787140800000,9064.04
V3-C,NO,1787140800000,9011.88
V3-C,NO,1787313600000,9042.98
V3-C,NO,1787342400000,9241.29
V3-C,NO,1787371200000,9190.43
V3-C,NO,1787846400000,9522.8
V3-C,NO,1787846400000,9786.33
V3-C,NO,1787918400000,9766.09
V3-C,NO,1787961600000,9715.1
V3-C,NO,1787976000000,9664.88
V3-C,NO,1788062400000,9719.08
V3-C,NO,1788076800000,9709.85
V3-C,NO,1788220800000,9714.13
V3-C,NO,1788206400000,9712.05
V3-C,NO,1788436800000,9660.0
V3-C,NO,1788494400000,9608.13
V3-C,NO,1788523200000,9584.58
V3-C,NO,1788523200000,9529.46
V3-C,NO,1788696000000,9524.47
V3-C,NO,1788926400000,9693.95
V3-C,NO,1788940800000,9985.81
V3-C,NO,1788984000000,9935.0
V3-C,NO,1789056000000,9883.98
V3-C,NO,1789128000000,9873.4
V3-C,NO,1789228800000,9865.51
V3-C,NO,1789257600000,9860.91
V3-C,NO,1789444800000,9928.54
V3-C,NO,1789646400000,11110.79
V3-C,NO,1789646400000,11058.92
V3-C,NO,1789689600000,11014.32
V3-C,NO,1789689600000,10962.73
V3-C,NO,1789704000000,10911.96
V3-C,NO,1790265600000,11095.92
V3-C,NO,1790294400000,11189.89
V3-C,NO,1790294400000,11197.13
V3-C,NO,1790294400000,11236.52
V3-C,NO,1790294400000,11557.81
V3-C,YES,1777075200000,10000.0
V3-C,YES,1777406400000,9948.84
V3-C,YES,1777435200000,9926.0
V3-C,YES,1777478400000,9874.59
V3-C,YES,1777507200000,9863.63
V3-C,YES,1777723200000,9813.42
V3-C,YES,1777795200000,9835.9
V3-C,YES,1777795200000,9833.48
V3-C,YES,1777824000000,9852.96
V3-C,YES,1777881600000,9837.41
V3-C,YES,1777881600000,9829.13
V3-C,YES,1778011200000,9799.31
V3-C,YES,1778241600000,9767.74
V3-C,YES,1778256000000,9716.8
V3-C,YES,1778428800000,9838.75
V3-C,YES,1778500800000,9916.25
V3-C,YES,1778673600000,9866.13
V3-C,YES,1778673600000,9813.3
V3-C,YES,1778716800000,9792.36
V3-C,YES,1778760000000,9739.24
V3-C,YES,1778760000000,9722.09
V3-C,YES,1778947200000,9686.82
V3-C,YES,1779134400000,9713.63
V3-C,YES,1779480000000,9797.04
V3-C,YES,1779480000000,9864.18
V3-C,YES,1779508800000,9904.87
V3-C,YES,1779523200000,9983.66
V3-C,YES,1779566400000,9969.09
V3-C,YES,1779566400000,9915.25
V3-C,YES,1779739200000,9923.38
V3-C,YES,1779768000000,9934.18
V3-C,YES,1779811200000,9883.7
V3-C,YES,1779883200000,9874.1
V3-C,YES,1779926400000,9822.57
V3-C,YES,1779940800000,9769.13
V3-C,YES,1780214400000,9774.11
V3-C,YES,1780401600000,9724.23
V3-C,YES,1780444800000,9836.14
V3-C,YES,1780588800000,9964.78
V3-C,YES,1780632000000,10078.07
V3-C,YES,1780660800000,10167.31
V3-C,YES,1780632000000,10117.63
V3-C,YES,1780934400000,10115.43
V3-C,YES,1781107200000,10184.19
V3-C,YES,1781107200000,10133.19
V3-C,YES,1781164800000,10115.15
V3-C,YES,1781366400000,10083.31
V3-C,YES,1781496000000,10031.86
V3-C,YES,1781524800000,9980.13
V3-C,YES,1781611200000,10004.74
V3-C,YES,1781668800000,9989.39
V3-C,YES,1781726400000,9995.19
V3-C,YES,1781784000000,9944.29
V3-C,YES,1782072000000,10017.18
V3-C,YES,1782072000000,9965.83
V3-C,YES,1782072000000,9914.66
V3-C,YES,1782100800000,9903.3
V3-C,YES,1782100800000,9901.43
V3-C,YES,1782100800000,9894.4
V3-C,YES,1782187200000,9854.82
V3-C,YES,1782187200000,9803.78
V3-C,YES,1782475200000,9759.63
V3-C,YES,1782489600000,9862.69
V3-C,YES,1782576000000,9851.8
V3-C,YES,1782705600000,9837.76
V3-C,YES,1782777600000,9820.67
V3-C,YES,1782806400000,9799.41
V3-C,YES,1782849600000,9815.44
V3-C,YES,1782892800000,9820.39
V3-C,YES,1782892800000,9802.72
V3-C,YES,1783080000000,9752.26
V3-C,YES,1783108800000,9700.07
V3-C,YES,1783180800000,9650.01
V3-C,YES,1783195200000,9648.23
V3-C,YES,1783209600000,9635.07
V3-C,YES,1783598400000,9626.51
V3-C,YES,1783785600000,9595.86
V3-C,YES,1783886400000,9599.47
V3-C,YES,1783886400000,9613.68
V3-C,YES,1783929600000,9599.37
V3-C,YES,1783944000000,9569.93
V3-C,YES,1783987200000,9563.89
V3-C,YES,1784145600000,9560.48
V3-C,YES,1784304000000,9554.65
V3-C,YES,1784606400000,9556.28
V3-C,YES,1784606400000,9514.39
V3-C,YES,1784635200000,9518.25
V3-C,YES,1784649600000,9513.08
V3-C,YES,1784851200000,9536.28
V3-C,YES,1785038400000,9516.78
V3-C,YES,1785182400000,9467.52
V3-C,YES,1785312000000,9455.78
V3-C,YES,1785340800000,9414.28
V3-C,YES,1785355200000,9439.41
V3-C,YES,1785513600000,9449.23
V3-C,YES,1785585600000,9478.9
V3-C,YES,1785729600000,9449.15
V3-C,YES,1785888000000,9433.77
V3-C,YES,1785888000000,9384.71
V3-C,YES,1786017600000,9376.29
V3-C,YES,1786104000000,9374.09
V3-C,YES,1786219200000,9324.8
V3-C,YES,1786449600000,9289.21
V3-C,YES,1786593600000,9280.23
V3-C,YES,1786593600000,9345.11
V3-C,YES,1786593600000,9336.56
V3-C,YES,1786622400000,9287.51
V3-C,YES,1786680000000,9239.34
V3-C,YES,1786838400000,9190.28
V3-C,YES,1787140800000,9141.82
V3-C,YES,1787140800000,9092.36
V3-C,YES,1787140800000,9044.42
V3-C,YES,1787313600000,9073.45
V3-C,YES,1787342400000,9257.63
V3-C,YES,1787371200000,9211.63
V3-C,YES,1787846400000,9512.24
V3-C,YES,1787846400000,9750.59
V3-C,YES,1787918400000,9730.85
V3-C,YES,1787961600000,9683.88
V3-C,YES,1787976000000,9634.91
V3-C,YES,1788062400000,9685.08
V3-C,YES,1788076800000,9676.14
V3-C,YES,1788220800000,9680.08
V3-C,YES,1788206400000,9678.06
V3-C,YES,1788436800000,9627.41
V3-C,YES,1788494400000,9577.22
V3-C,YES,1788523200000,9554.55
V3-C,YES,1788523200000,9501.76
V3-C,YES,1788696000000,9496.95
V3-C,YES,1788926400000,9660.98
V3-C,YES,1788940800000,9943.44
V3-C,YES,1788984000000,9895.16
V3-C,YES,1789056000000,9845.87
V3-C,YES,1789128000000,9835.46
V3-C,YES,1789228800000,9827.7
V3-C,YES,1789257600000,9823.33
V3-C,YES,1789444800000,9887.56
V3-C,YES,1789646400000,11063.12
V3-C,YES,1789646400000,11011.84
V3-C,YES,1789689600000,10967.7
V3-C,YES,1789689600000,10917.02
V3-C,YES,1789704000000,10867.12
V3-C,YES,1790265600000,11067.95
V3-C,YES,1790294400000,11171.43
V3-C,YES,1790294400000,11179.4
V3-C,YES,1790294400000,11222.4
V3-C,YES,1790294400000,11571.55
V3-D,NO,1777075200000,10000.0
V3-D,NO,1777406400000,9948.84
V3-D,NO,1777435200000,9927.68
V3-D,NO,1777435200000,9904.73
V3-D,NO,1777449600000,9904.29
V3-D,NO,1777449600000,9896.21
V3-D,NO,1777478400000,9913.17
V3-D,NO,1777478400000,9898.88
V3-D,NO,1777507200000,9887.78
V3-D,NO,1777550400000,9837.54
V3-D,NO,1777564800000,9832.37
V3-D,NO,1777723200000,9781.79
V3-D,NO,1777809600000,9844.9
V3-D,NO,1777838400000,9845.86
V3-D,NO,1777881600000,9837.46
V3-D,NO,1777924800000,9829.47
V3-D,NO,1777924800000,9861.32
V3-D,NO,1777924800000,9838.14
V3-D,NO,1778011200000,9807.81
V3-D,NO,1778083200000,9854.66
V3-D,NO,1778299200000,9924.26
V3-D,NO,1778299200000,10012.94
V3-D,NO,1778299200000,10019.45
V3-D,NO,1778371200000,10038.11
V3-D,NO,1778457600000,10118.62
V3-D,NO,1778515200000,10108.03
V3-D,NO,1778673600000,10056.3
V3-D,NO,1778673600000,10001.57
V3-D,NO,1778774400000,9992.05
V3-D,NO,1778774400000,9971.9
V3-D,NO,1778760000000,9917.77
V3-D,NO,1778760000000,9900.29
V3-D,NO,1778875200000,9887.31
V3-D,NO,1778932800000,9901.91
V3-D,NO,1779134400000,9938.98
V3-D,NO,1779134400000,9969.31
V3-D,NO,1779177600000,10021.61
V3-D,NO,1779177600000,10024.44
V3-D,NO,1779192000000,9961.4
V3-D,NO,1779177600000,9941.1
V3-D,NO,1779422400000,9934.26
V3-D,NO,1779508800000,9881.65
V3-D,NO,1779508800000,9830.13
V3-D,NO,1779552000000,9806.23
V3-D,NO,1779595200000,9873.41
V3-D,NO,1779609600000,9860.2
V3-D,NO,1779624000000,9842.74
V3-D,NO,1779696000000,9830.63
V3-D,NO,1779868800000,9823.75
V3-D,NO,1779868800000,9805.88
V3-D,NO,1779897600000,9811.57
V3-D,NO,1779912000000,9771.48
V3-D,NO,1779984000000,9818.54
V3-D,NO,1780056000000,9861.16
V3-D,NO,1780099200000,9850.38
V3-D,NO,1780128000000,9837.58
V3-D,NO,1780243200000,9862.29
V3-D,NO,1780257600000,9878.08
V3-D,NO,1780272000000,9941.82
V3-D,NO,1780329600000,9930.83
V3-D,NO,1780387200000,9933.35
V3-D,NO,1780401600000,9901.36
V3-D,NO,1780401600000,9886.88
V3-D,NO,1780416000000,9835.25
V3-D,NO,1780459200000,9808.22
V3-D,NO,1780473600000,9757.37
V3-D,NO,1780531200000,9706.75
V3-D,NO,1780603200000,9747.38
V3-D,NO,1780632000000,9696.87
V3-D,NO,1780747200000,9810.05
V3-D,NO,1780761600000,9889.06
V3-D,NO,1780891200000,9883.46
V3-D,NO,1780963200000,9859.42
V3-D,NO,1780934400000,9857.25
V3-D,NO,1781020800000,9830.33
V3-D,NO,1781265600000,9870.79
V3-D,NO,1781265600000,9836.66
V3-D,NO,1781323200000,9837.5
V3-D,NO,1781323200000,9843.47
V3-D,NO,1781380800000,9852.19
V3-D,NO,1781438400000,9842.14
V3-D,NO,1781409600000,9836.43
V3-D,NO,1781467200000,9815.02
V3-D,NO,1781467200000,9798.53
V3-D,NO,1781496000000,9747.86
V3-D,NO,1781524800000,9696.95
V3-D,NO,1781683200000,9702.39
V3-D,NO,1781726400000,9708.19
V3-D,NO,1781784000000,9657.45
V3-D,NO,1781827200000,9639.44
V3-D,NO,1781827200000,9660.58
V3-D,NO,1781884800000,9628.3
V3-D,NO,1782129600000,9612.77
V3-D,NO,1782144000000,9617.26
V3-D,NO,1782187200000,9620.67
V3-D,NO,1782187200000,9633.11
V3-D,NO,1782244800000,9634.59
V3-D,NO,1782388800000,9583.31
V3-D,NO,1782475200000,9573.21
V3-D,NO,1782504000000,9582.31
V3-D,NO,1782504000000,9615.12
V3-D,NO,1782547200000,9698.75
V3-D,NO,1782547200000,9712.15
V3-D,NO,1782576000000,9701.1
V3-D,NO,1782705600000,9686.85
V3-D,NO,1782777600000,9669.48
V3-D,NO,1782806400000,9647.83
V3-D,NO,1782835200000,9654.9
V3-D,NO,1782878400000,9635.01
V3-D,NO,1782907200000,9608.93
V3-D,NO,1782921600000,9616.59
V3-D,NO,1782950400000,9605.02
V3-D,NO,1783080000000,9553.52
V3-D,NO,1783180800000,9502.52
V3-D,NO,1783267200000,9627.37
V3-D,NO,1783281600000,9669.96
V3-D,NO,1783310400000,9756.16
V3-D,NO,1783425600000,9756.88
V3-D,NO,1783440000000,9750.3
V3-D,NO,1783454400000,9737.69
V3-D,NO,1783540800000,9726.57
V3-D,NO,1783627200000,9702.67
V3-D,NO,1783627200000,9650.4
V3-D,NO,1783699200000,9598.69
V3-D,NO,1783771200000,9545.58
V3-D,NO,1783785600000,9539.8
V3-D,NO,1783800000000,9493.78
V3-D,NO,1783886400000,9508.59
V3-D,NO,1783944000000,9453.9
V3-D,NO,1784044800000,9471.84
V3-D,NO,1784088000000,9457.43
V3-D,NO,1784160000000,9436.91
V3-D,NO,1784188800000,9428.91
V3-D,NO,1784260800000,9424.41
V3-D,NO,1784304000000,9411.49
V3-D,NO,1784390400000,9360.22
V3-D,NO,1784419200000,9357.23
V3-D,NO,1784448000000,9532.83
V3-D,NO,1784448000000,9512.51
V3-D,NO,1784520000000,9506.5
V3-D,NO,1784548800000,9506.31
V3-D,NO,1784548800000,9501.62
V3-D,NO,1784635200000,9490.17
V3-D,NO,1784750400000,9456.65
V3-D,NO,1784822400000,9454.25
V3-D,NO,1784952000000,9425.37
V3-D,NO,1784952000000,9385.34
V3-D,NO,1784995200000,9351.25
V3-D,NO,1785009600000,9299.92
V3-D,NO,1784980800000,9295.37
V3-D,NO,1785067200000,9243.82
V3-D,NO,1785096000000,9240.33
V3-D,NO,1785139200000,9248.72
V3-D,NO,1785182400000,9196.96
V3-D,NO,1785182400000,9173.5
V3-D,NO,1785369600000,9180.85
V3-D,NO,1785456000000,9177.59
V3-D,NO,1785513600000,9214.36
V3-D,NO,1785542400000,9196.9
V3-D,NO,1785542400000,9187.3
V3-D,NO,1785643200000,9176.19
V3-D,NO,1785729600000,9163.0
V3-D,NO,1785758400000,9162.29
V3-D,NO,1785816000000,9166.08
V3-D,NO,1785873600000,9131.56
V3-D,NO,1785902400000,9126.79
V3-D,NO,1785945600000,9112.95
V3-D,NO,1785931200000,9109.24
V3-D,NO,1785988800000,9116.63
V3-D,NO,1786104000000,9082.52
V3-D,NO,1786118400000,9080.75
V3-D,NO,1786248000000,9102.98
V3-D,NO,1786334400000,9068.83
V3-D,NO,1786348800000,9114.67
V3-D,NO,1786492800000,9108.51
V3-D,NO,1786507200000,9096.02
V3-D,NO,1786521600000,9081.02
V3-D,NO,1786608000000,9093.38
V3-D,NO,1786680000000,9042.25
V3-D,NO,1786694400000,9023.02
V3-D,NO,1786752000000,8971.51
V3-D,NO,1786780800000,8962.69
V3-D,NO,1786867200000,8964.38
V3-D,NO,1786968000000,9017.74
V3-D,NO,1787040000000,8986.99
V3-D,NO,1787025600000,8936.16
V3-D,NO,1787054400000,8928.01
V3-D,NO,1787083200000,8913.65
V3-D,NO,1787140800000,8862.84
V3-D,NO,1787169600000,8846.63
V3-D,NO,1787443200000,9065.58
V3-D,NO,1787457600000,9265.1
V3-D,NO,1787472000000,9526.65
V3-D,NO,1787500800000,9908.22
V3-D,NO,1787529600000,9977.32
V3-D,NO,1787572800000,9971.61
V3-D,NO,1787616000000,9936.03
V3-D,NO,1787803200000,9934.97
V3-D,NO,1787875200000,9939.18
V3-D,NO,1787918400000,9918.94
V3-D,NO,1787947200000,9956.38
V3-D,NO,1787990400000,9917.87
V3-D,NO,1787976000000,9867.62
V3-D,NO,1788076800000,9866.84
V3-D,NO,1788120000000,9816.36
V3-D,NO,1788206400000,9814.28
V3-D,NO,1788292800000,9832.04
V3-D,NO,1788350400000,9807.74
V3-D,NO,1788379200000,9919.22
V3-D,NO,1788436800000,9868.43
V3-D,NO,1788480000000,9823.77
V3-D,NO,1788523200000,9800.22
V3-D,NO,1788523200000,9789.42
V3-D,NO,1788580800000,9886.9
V3-D,NO,1788724800000,9870.88
V3-D,NO,1788739200000,9854.59
V3-D,NO,1788897600000,9832.24
V3-D,NO,1788897600000,10038.92
V3-D,NO,1788940800000,10018.02
V3-D,NO,1789056000000,9967.0
V3-D,NO,1789070400000,9915.64
V3-D,NO,1789099200000,9943.15
V3-D,NO,1789113600000,9911.33
V3-D,NO,1789128000000,9900.75
V3-D,NO,1789228800000,9892.86
V3-D,NO,1789300800000,12778.13
V3-D,NO,1789430400000,12783.58
V3-D,NO,1789459200000,12912.92
V3-D,NO,1789502400000,12913.48
V3-D,NO,1789574400000,12886.19
V3-D,NO,1789588800000,12863.8
V3-D,NO,1789603200000,12812.38
V3-D,NO,1789646400000,12760.51
V3-D,NO,1789704000000,12706.67
V3-D,NO,1789862400000,12860.34
V3-D,NO,1789948800000,13071.71
V3-D,NO,1789963200000,13057.78
V3-D,NO,1790006400000,13222.66
V3-D,NO,1790064000000,13403.65
V3-D,NO,1790164800000,13352.72
V3-D,NO,1790164800000,13327.67
V3-D,NO,1790236800000,13276.66
V3-D,NO,1790251200000,13225.79
V3-D,NO,1790265600000,13252.76
V3-D,NO,1790280000000,13238.52
V3-D,NO,1790294400000,13403.22
V3-D,NO,1790308800000,13403.34
V3-D,NO,1790294400000,13398.67
V3-D,YES,1777075200000,10000.0
V3-D,YES,1777406400000,9948.84
V3-D,YES,1777435200000,9927.68
V3-D,YES,1777435200000,9904.84
V3-D,YES,1777449600000,9904.4
V3-D,YES,1777449600000,9896.32
V3-D,YES,1777478400000,9913.28
V3-D,YES,1777478400000,9899.13
V3-D,YES,1777507200000,9888.14
V3-D,YES,1777550400000,9838.42
V3-D,YES,1777564800000,9833.3
V3-D,YES,1777723200000,9783.2
V3-D,YES,1777809600000,9845.65
V3-D,YES,1777838400000,9846.6
V3-D,YES,1777881600000,9838.33
V3-D,YES,1777924800000,9830.47
V3-D,YES,1777924800000,9861.79
V3-D,YES,1777924800000,9838.96
V3-D,YES,1778011200000,9809.12
V3-D,YES,1778083200000,9854.96
V3-D,YES,1778299200000,9923.44
V3-D,YES,1778299200000,10010.69
V3-D,YES,1778299200000,10017.1
V3-D,YES,1778371200000,10035.41
V3-D,YES,1778457600000,10114.75
V3-D,YES,1778515200000,10104.04
V3-D,YES,1778673600000,10052.23
V3-D,YES,1778673600000,9997.31
V3-D,YES,1778774400000,9987.76
V3-D,YES,1778774400000,9967.53
V3-D,YES,1778760000000,9913.41
V3-D,YES,1778760000000,9895.94
V3-D,YES,1778875200000,9882.83
V3-D,YES,1778932800000,9897.26
V3-D,YES,1779134400000,9933.94
V3-D,YES,1779134400000,9963.95
V3-D,YES,1779177600000,10015.71
V3-D,YES,1779177600000,10018.51
V3-D,YES,1779192000000,9955.69
V3-D,YES,1779177600000,9935.47
V3-D,YES,1779422400000,9928.7
V3-D,YES,1779508800000,9876.43
V3-D,YES,1779508800000,9825.28
V3-D,YES,1779552000000,9801.54
V3-D,YES,1779595200000,9868.29
V3-D,YES,1779609600000,9855.16
V3-D,YES,1779624000000,9837.93
V3-D,YES,1779696000000,9826.02
V3-D,YES,1779868800000,9819.26
V3-D,YES,1779868800000,9801.7
V3-D,YES,1779897600000,9807.27
V3-D,YES,1779912000000,9767.98
V3-D,YES,1779984000000,9814.28
V3-D,YES,1780056000000,9856.16
V3-D,YES,1780099200000,9845.53
V3-D,YES,1780128000000,9832.92
V3-D,YES,1780243200000,9857.14
V3-D,YES,1780257600000,9872.63
V3-D,YES,1780272000000,9934.89
V3-D,YES,1780329600000,9923.97
V3-D,YES,1780387200000,9926.44
V3-D,YES,1780401600000,9894.86
V3-D,YES,1780401600000,9880.49
V3-D,YES,1780416000000,9829.73
V3-D,YES,1780459200000,9803.16
V3-D,YES,1780473600000,9752.92
V3-D,YES,1780531200000,9703.55
V3-D,YES,1780603200000,9743.6
V3-D,YES,1780632000000,9694.09
V3-D,YES,1780747200000,9806.44
V3-D,YES,1780761600000,9884.51
V3-D,YES,1780891200000,9879.07
V3-D,YES,1780963200000,9855.64
V3-D,YES,1780934400000,9853.5
V3-D,YES,1781020800000,9827.41
V3-D,YES,1781265600000,9867.38
V3-D,YES,1781265600000,9833.66
V3-D,YES,1781323200000,9834.49
V3-D,YES,1781323200000,9840.37
V3-D,YES,1781380800000,9848.94
V3-D,YES,1781438400000,9839.05
V3-D,YES,1781409600000,9833.42
V3-D,YES,1781467200000,9812.37
V3-D,YES,1781467200000,9796.15
V3-D,YES,1781496000000,9746.32
V3-D,YES,1781524800000,9696.26
V3-D,YES,1781683200000,9701.61
V3-D,YES,1781726400000,9707.24
V3-D,YES,1781784000000,9657.79
V3-D,YES,1781827200000,9640.15
V3-D,YES,1781827200000,9660.86
V3-D,YES,1781884800000,9629.56
V3-D,YES,1782129600000,9614.49
V3-D,YES,1782144000000,9618.82
V3-D,YES,1782187200000,9622.12
V3-D,YES,1782187200000,9634.14
V3-D,YES,1782244800000,9635.57
V3-D,YES,1782388800000,9586.16
V3-D,YES,1782475200000,9576.47
V3-D,YES,1782504000000,9585.22
V3-D,YES,1782504000000,9616.78
V3-D,YES,1782547200000,9697.35
V3-D,YES,1782547200000,9710.26
V3-D,YES,1782576000000,9699.64
V3-D,YES,1782705600000,9685.81
V3-D,YES,1782777600000,9668.99
V3-D,YES,1782806400000,9648.06
V3-D,YES,1782835200000,9654.83
V3-D,YES,1782878400000,9635.7
V3-D,YES,1782907200000,9610.57
V3-D,YES,1782921600000,9618.01
V3-D,YES,1782950400000,9606.79
V3-D,YES,1783080000000,9557.11
V3-D,YES,1783180800000,9507.87
V3-D,YES,1783267200000,9627.86
V3-D,YES,1783281600000,9668.82
V3-D,YES,1783310400000,9751.63
V3-D,YES,1783425600000,9752.33
V3-D,YES,1783440000000,9746.04
V3-D,YES,1783454400000,9733.74
V3-D,YES,1783540800000,9723.16
V3-D,YES,1783627200000,9700.15
V3-D,YES,1783627200000,9649.27
V3-D,YES,1783699200000,9598.94
V3-D,YES,1783771200000,9547.3
V3-D,YES,1783785600000,9541.66
V3-D,YES,1783800000000,9497.72
V3-D,YES,1783886400000,9511.85
V3-D,YES,1783944000000,9459.08
V3-D,YES,1784044800000,9476.4
V3-D,YES,1784088000000,9462.57
V3-D,YES,1784160000000,9443.09
V3-D,YES,1784188800000,9435.53
V3-D,YES,1784260800000,9431.25
V3-D,YES,1784304000000,9419.03
V3-D,YES,1784390400000,9370.74
V3-D,YES,1784419200000,9367.91
V3-D,YES,1784448000000,9534.07
V3-D,YES,1784448000000,9515.04
V3-D,YES,1784520000000,9509.32
V3-D,YES,1784548800000,9509.14
V3-D,YES,1784548800000,9504.68
V3-D,YES,1784635200000,9493.88
V3-D,YES,1784750400000,9462.47
V3-D,YES,1784822400000,9460.18
V3-D,YES,1784952000000,9432.73
V3-D,YES,1784952000000,9394.68
V3-D,YES,1784995200000,9362.31
V3-D,YES,1785009600000,9313.75
V3-D,YES,1784980800000,9309.47
V3-D,YES,1785067200000,9261.04
V3-D,YES,1785096000000,9257.79
V3-D,YES,1785139200000,9265.73
V3-D,YES,1785182400000,9217.8
V3-D,YES,1785182400000,9196.08
V3-D,YES,1785369600000,9202.92
V3-D,YES,1785456000000,9199.9
V3-D,YES,1785513600000,9233.97
V3-D,YES,1785542400000,9217.91
V3-D,YES,1785542400000,9209.08
V3-D,YES,1785643200000,9198.85
V3-D,YES,1785729600000,9186.71
V3-D,YES,1785758400000,9186.06
V3-D,YES,1785816000000,9189.54
V3-D,YES,1785873600000,9157.67
V3-D,YES,1785902400000,9153.28
V3-D,YES,1785945600000,9140.56
V3-D,YES,1785931200000,9137.17
V3-D,YES,1785988800000,9143.92
V3-D,YES,1786104000000,9112.58
V3-D,YES,1786118400000,9110.95
V3-D,YES,1786248000000,9131.31
V3-D,YES,1786334400000,9100.11
V3-D,YES,1786348800000,9142.02
V3-D,YES,1786492800000,9136.41
V3-D,YES,1786507200000,9125.03
V3-D,YES,1786521600000,9111.32
V3-D,YES,1786608000000,9122.61
V3-D,YES,1786680000000,9076.02
V3-D,YES,1786694400000,9058.52
V3-D,YES,1786752000000,9011.46
V3-D,YES,1786780800000,9003.51
V3-D,YES,1786867200000,9005.05
V3-D,YES,1786968000000,9053.72
V3-D,YES,1787040000000,9025.81
V3-D,YES,1787025600000,8980.04
V3-D,YES,1787054400000,8972.66
V3-D,YES,1787083200000,8959.66
V3-D,YES,1787140800000,8914.14
V3-D,YES,1787169600000,8899.54
V3-D,YES,1787443200000,9095.71
V3-D,YES,1787457600000,9274.47
V3-D,YES,1787472000000,9508.81
V3-D,YES,1787500800000,9848.94
V3-D,YES,1787529600000,9910.43
V3-D,YES,1787572800000,9904.81
V3-D,YES,1787616000000,9869.55
V3-D,YES,1787803200000,9868.58
V3-D,YES,1787875200000,9872.72
V3-D,YES,1787918400000,9852.74
V3-D,YES,1787947200000,9889.83
V3-D,YES,1787990400000,9851.82
V3-D,YES,1787976000000,9802.23
V3-D,YES,1788076800000,9801.46
V3-D,YES,1788120000000,9751.98
V3-D,YES,1788206400000,9749.94
V3-D,YES,1788292800000,9767.44
V3-D,YES,1788350400000,9743.62
V3-D,YES,1788379200000,9852.9
V3-D,YES,1788436800000,9803.29
V3-D,YES,1788480000000,9759.74
V3-D,YES,1788523200000,9736.65
V3-D,YES,1788523200000,9726.11
V3-D,YES,1788580800000,9821.15
V3-D,YES,1788724800000,9805.54
V3-D,YES,1788739200000,9789.49
V3-D,YES,1788897600000,9767.75
V3-D,YES,1788897600000,9968.77
V3-D,YES,1788940800000,9948.24
V3-D,YES,1789056000000,9897.38
V3-D,YES,1789070400000,9846.19
V3-D,YES,1789099200000,9873.12
V3-D,YES,1789113600000,9841.97
V3-D,YES,1789128000000,9831.5
V3-D,YES,1789228800000,9823.74
V3-D,YES,1789300800000,12694.08
V3-D,YES,1789430400000,12699.44
V3-D,YES,1789459200000,12827.14
V3-D,YES,1789502400000,12827.69
V3-D,YES,1789574400000,12792.69
V3-D,YES,1789588800000,12770.7
V3-D,YES,1789603200000,12705.43
V3-D,YES,1789646400000,12639.56
V3-D,YES,1789704000000,12570.68
V3-D,YES,1789862400000,12767.8
V3-D,YES,1789948800000,13037.73
V3-D,YES,1789963200000,13020.03
V3-D,YES,1790006400000,13228.43
V3-D,YES,1790064000000,13455.95
V3-D,YES,1790164800000,13388.57
V3-D,YES,1790164800000,13354.86
V3-D,YES,1790236800000,13288.35
V3-D,YES,1790251200000,13220.41
V3-D,YES,1790265600000,13254.85
V3-D,YES,1790280000000,13236.03
V3-D,YES,1790294400000,13450.47
V3-D,YES,1790308800000,13450.63
V3-D,YES,1790294400000,13444.42
