activation_atr,trailing_atr,is_primary,trades,wr,pf,net_pnl,max_dd_pct,dev_pf,dev_wr,holdout_pf,holdout_wr
0.25,0.2,False,2426,89.28,3.82,476.27,4.4,3.52,89.41,4.65,89.5
0.25,0.25,True,2449,82.73,3.57,378.89,4.23,3.13,83.25,4.06,80.67
0.25,0.3,False,2406,76.48,3.08,282.33,4.39,2.71,76.56,3.72,74.51
0.5,0.2,False,1532,93.08,2.19,169.45,6.63,2.18,93.54,2.31,92.14
0.5,0.25,False,1532,93.08,2.05,139.56,6.94,2.02,93.54,2.19,92.14
0.5,0.3,False,1497,92.72,1.75,98.84,8.11,1.77,93.08,2.07,92.14
0.75,0.2,False,1229,89.59,1.78,122.16,8.81,2.1,90.13,2.0,88.31
0.75,0.25,False,1229,89.59,1.69,103.43,9.11,1.98,90.13,1.92,88.31
0.75,0.3,False,1229,89.59,1.61,86.6,9.41,1.87,90.13,1.83,88.31
