idx,symbol,direction,theoretical_stop,trigger_price,execution_price,slippage_usd,gap_occurred,gap_pct,exit_ts
0,ESPUSDT,SHORT,0.0841,0.0842,0.0843,0.0192,False,0.0,1789462260000
1,WIFUSDT,SHORT,0.1817,0.1819,0.182,0.0166,False,0.0,1789456680000
2,FETUSDT,SHORT,0.1579,0.1581,0.1582,0.0236,False,0.0,1789474800000
3,SEIUSDT,SHORT,0.0435,0.0436,0.0436,0.0172,False,0.0,1789473840000
4,TAOUSDT,SHORT,225.8217,226.1201,226.2331,0.0187,False,0.0,1789459980000
5,TIAUSDT,SHORT,0.331,0.3315,0.3317,0.0108,False,0.0,1789484040000
6,1INCHUSDT,SHORT,0.0895,0.0895,0.0896,0.0108,False,0.0,1789489260000
7,AEROUSDT,SHORT,0.5312,0.532,0.5323,0.0154,False,0.0,1789497420000
8,AKTUSDT,SHORT,0.5072,0.508,0.5083,0.0259,False,0.0,1789493640000
9,DOGEUSDT,SHORT,0.0809,0.081,0.0811,0.0157,False,0.0,1789497420000
10,INJUSDT,SHORT,5.6507,5.6589,5.6617,0.017,False,0.0,1789489740000
11,OPUSDT,LONG,0.1013,0.1012,0.1011,0.029,False,0.0,1789491480000
12,RENDERUSDT,SHORT,1.3407,1.3424,1.3431,0.0152,False,0.0,1789496940000
13,1000BONKUSDT,SHORT,0.0026,0.0026,0.0026,0.0204,False,0.0,1789505160000
14,1000SHIBUSDT,SHORT,0.005,0.005,0.005,0.0086,False,0.0,1789503900000
15,ADAUSDT,SHORT,0.1961,0.1963,0.1964,0.014,False,0.0,1789504620000
16,AIXBTUSDT,SHORT,0.0191,0.0191,0.0191,0.0146,False,0.0,1789504680000
17,BTCUSDT,SHORT,75757.0727,75797.0472,75834.9457,0.0057,False,0.0,1789504260000
18,LINKUSDT,SHORT,10.9752,10.9863,10.9917,0.0133,False,0.0,1789504560000
19,SOLUSDT,SHORT,97.0459,97.1291,97.1777,0.0107,False,0.0,1789504680000
20,SUIUSDT,SHORT,0.6854,0.6863,0.6866,0.0118,False,0.0,1789504560000
21,XRPUSDT,SHORT,1.2879,1.2892,1.2899,0.021,False,0.0,1789503360000
22,ARBUSDT,LONG,0.1525,0.1523,0.1522,0.0294,False,0.0,1789517100000
23,AEVOUSDT,SHORT,0.0208,0.0208,0.0208,0.012,False,0.0,1789549560000
24,ANIMEUSDT,SHORT,0.0028,0.0028,0.0028,0.0117,False,0.0,1789581480000
25,AVAXUSDT,SHORT,7.2174,7.2245,7.2281,0.0158,False,0.0,1789546560000
26,BNBUSDT,SHORT,706.3618,706.7662,707.1195,0.0097,False,0.0,1789547880000
27,ACUUSDT,SHORT,0.117,0.1172,0.1173,0.0155,False,0.0,1789565160000
28,ACHUSDT,SHORT,0.0049,0.0049,0.0049,0.0106,False,0.0,1789580100000
29,ANIMEUSDT,SHORT,0.0028,0.0028,0.0028,0.0117,False,0.0,1789581480000
30,AVAXUSDT,SHORT,7.2064,7.2134,7.217,0.0117,False,0.0,1789581240000
31,NEARUSDT,LONG,2.6354,2.6319,2.6306,0.0125,False,0.0,1789603920000
32,0GUSDT,LONG,0.2057,0.2054,0.2053,0.0222,False,0.0,1789696140000
33,1000PEPEUSDT,LONG,0.0037,0.0037,0.0037,0.0202,False,0.0,1789701780000
34,OPUSDT,LONG,0.1049,0.1047,0.1047,0.0115,False,0.0,1789696980000
35,0GUSDT,LONG,0.2082,0.2079,0.2078,0.0267,False,0.0,1789701060000
36,RENDERUSDT,LONG,1.4743,1.4726,1.4719,0.0443,False,0.0,1789693380000
37,ACHUSDT,LONG,0.0054,0.0054,0.0054,0.0196,False,0.0,1789739640000
38,AEROUSDT,LONG,0.6112,0.6105,0.6101,0.0169,False,0.0,1789710300000
39,AVAXUSDT,LONG,7.9976,7.9905,7.9865,0.0127,False,0.0,1789727580000
40,BNBUSDT,LONG,753.0404,752.6325,752.2561,0.0114,False,0.0,1789708800000
41,SUIUSDT,LONG,0.7975,0.7965,0.7961,0.0104,False,0.0,1789728420000
42,TAOUSDT,LONG,243.21,242.9121,242.7906,0.0172,False,0.0,1789707720000
43,TIAUSDT,LONG,0.3854,0.3849,0.3847,0.0215,False,0.0,1789704360000
44,AEVOUSDT,LONG,0.0234,0.0233,0.0233,0.0136,False,0.0,1789735680000
45,1000BONKUSDT,LONG,0.0029,0.0029,0.0029,0.0138,False,0.0,1789756200000
46,BTCUSDT,LONG,80834.4978,80793.8173,80753.4204,0.0075,False,0.0,1789748760000
47,ETHUSDT,LONG,2587.3983,2585.6779,2584.3851,0.0072,False,0.0,1789747680000
48,SOLUSDT,LONG,111.5163,111.4315,111.3758,0.0132,False,0.0,1789748640000
49,INJUSDT,LONG,6.6349,6.6264,6.6231,0.0206,False,0.0,1789765620000
50,ADAUSDT,LONG,0.2281,0.2279,0.2278,0.0254,False,0.0,1789777020000
51,ANIMEUSDT,LONG,0.0032,0.0032,0.0032,0.0197,False,0.0,1789826580000
52,LINKUSDT,LONG,12.3491,12.338,12.3318,0.0153,False,0.0,1789779780000
53,ESPUSDT,LONG,0.0936,0.0934,0.0934,0.0154,False,0.0,1789795800000
54,ACUUSDT,LONG,0.126,0.1258,0.1257,0.0173,False,0.0,1789993860000
55,ANIMEUSDT,LONG,0.0032,0.0032,0.0032,0.0087,False,0.0,1789826580000
56,ADAUSDT,LONG,0.2258,0.2255,0.2254,0.0092,False,0.0,1789921260000
57,ANIMEUSDT,LONG,0.0032,0.0032,0.0032,0.0143,True,0.248,1789948920000
58,ACUUSDT,LONG,0.1233,0.1231,0.1231,0.0174,False,0.0,1789993260000
59,1000SHIBUSDT,LONG,0.0057,0.0057,0.0057,0.011,False,0.0,1789993740000
60,DOGEUSDT,LONG,0.0935,0.0935,0.0934,0.0144,False,0.0,1789993320000
61,AIXBTUSDT,LONG,0.0225,0.0225,0.0225,0.0197,False,0.0,1790022840000
62,ARBUSDT,LONG,0.2322,0.2319,0.2318,0.0221,False,0.0,1790007240000
63,AEROUSDT,LONG,0.7014,0.7002,0.6998,0.0154,True,0.052,1790038560000
64,ARBUSDT,LONG,0.2375,0.2372,0.2371,0.0143,False,0.0,1790121720000
65,OPUSDT,LONG,0.136,0.1358,0.1358,0.0237,False,0.0,1790121780000
66,AEROUSDT,LONG,0.7315,0.7306,0.7303,0.01,False,0.0,1790138160000
67,ACUUSDT,LONG,0.1245,0.1243,0.1242,0.0175,False,0.0,1790168760000
68,ACHUSDT,SHORT,0.0056,0.0056,0.0056,0.0471,False,0.0,1790179260000
69,AEROUSDT,LONG,0.7095,0.7086,0.7083,0.0223,False,0.0,1790266740000
70,INJUSDT,LONG,8.5195,8.509,8.5047,0.0152,False,0.0,1790266560000
71,OPUSDT,LONG,0.1338,0.1336,0.1336,0.0293,False,0.0,1790266500000
72,ACHUSDT,LONG,0.0063,0.0063,0.0063,0.0128,False,0.0,1790280660000
73,OPUSDT,LONG,0.1355,0.1353,0.1352,0.0165,False,0.0,1790323200000
