starting_capital,allocation_pct,position_notional_usd,ending_equity,net_pnl,return_pct,wr,pf,max_dd_pct,total_slip_usd
100,1,1.0,100.28,0.28,0.28,64.86,8.72,0.01,0.25
100,2,2.0,100.56,0.56,0.56,64.86,8.71,0.02,0.49
100,3,3.0,100.84,0.84,0.84,64.86,8.71,0.03,0.74
100,5,5.0,101.41,1.41,1.41,64.86,8.7,0.05,1.24
500,1,5.0,501.4,1.4,0.28,64.86,8.72,0.01,1.23
500,2,10.0,502.8,2.8,0.56,64.86,8.71,0.02,2.47
500,3,15.0,504.21,4.21,0.84,64.86,8.71,0.03,3.71
500,5,25.0,507.03,7.03,1.41,64.86,8.7,0.05,6.2
1000,1,10.0,1002.8,2.8,0.28,64.86,8.72,0.01,2.47
1000,2,20.0,1005.6,5.6,0.56,64.86,8.71,0.02,4.94
1000,3,30.0,1008.41,8.41,0.84,64.86,8.71,0.03,7.42
1000,5,50.0,1014.06,14.06,1.41,64.86,8.7,0.05,12.41
5000,1,50.0,5013.99,13.99,0.28,64.86,8.72,0.01,12.34
5000,2,100.0,5028.01,28.01,0.56,64.86,8.71,0.02,24.71
5000,3,150.0,5042.07,42.07,0.84,64.86,8.71,0.03,37.11
5000,5,250.0,5070.29,70.29,1.41,64.86,8.7,0.05,62.03
10000,1,100.0,10027.98,27.98,0.28,64.86,8.72,0.01,24.67
10000,2,200.0,10056.03,56.03,0.56,64.86,8.71,0.02,49.41
10000,3,300.0,10084.14,84.14,0.84,64.86,8.71,0.03,74.22
10000,5,500.0,10140.58,140.58,1.41,64.86,8.7,0.05,124.05
25000,1,250.0,25069.95,69.95,0.28,64.86,8.72,0.01,61.68
25000,2,500.0,25140.07,140.07,0.56,64.86,8.71,0.02,123.54
25000,3,750.0,25210.36,210.36,0.84,64.86,8.71,0.03,185.56
25000,5,1250.0,25351.45,351.45,1.41,64.86,8.7,0.05,310.13
50000,1,500.0,50139.9,139.9,0.28,64.86,8.72,0.01,123.36
50000,2,1000.0,50280.14,280.14,0.56,64.86,8.71,0.02,247.07
50000,3,1500.0,50420.72,420.72,0.84,64.86,8.71,0.03,371.12
50000,5,2500.0,50702.91,702.91,1.41,64.86,8.7,0.05,620.27
100000,1,1000.0,100279.8,279.8,0.28,64.86,8.72,0.01,246.73
100000,2,2000.0,100560.28,560.28,0.56,64.86,8.71,0.02,494.14
100000,3,3000.0,100841.44,841.44,0.84,64.86,8.71,0.03,742.25
100000,5,5000.0,101405.81,1405.81,1.41,64.86,8.7,0.05,1240.54
