symbol,signal_count,available_1m_bars,required_1m_bars,coverage_pct,data_status
0GUSDT,41,15000,240000,6.25,PARTIAL_1M
1000000BOBUSDT,30,0,240000,0.0,NO_1M
1000000MOGUSDT,29,0,240000,0.0,NO_1M
1000BONKUSDT,26,15000,240000,6.25,PARTIAL_1M
1000CATUSDT,28,0,240000,0.0,NO_1M
1000CHEEMSUSDT,22,0,240000,0.0,NO_1M
1000FLOKIUSDT,34,0,240000,0.0,NO_1M
1000LUNCUSDT,26,0,240000,0.0,NO_1M
1000PEPEUSDT,28,15000,240000,6.25,PARTIAL_1M
1000RATSUSDT,22,0,240000,0.0,NO_1M
1000SATSUSDT,38,0,240000,0.0,NO_1M
1000SHIBUSDT,30,15000,240000,6.25,PARTIAL_1M
1000XECUSDT,31,0,240000,0.0,NO_1M
1INCHUSDT,28,15000,240000,6.25,PARTIAL_1M
1MBABYDOGEUSDT,34,0,240000,0.0,NO_1M
2ZUSDT,34,0,240000,0.0,NO_1M
4USDT,27,0,240000,0.0,NO_1M
AAVEUSDT,34,0,240000,0.0,NO_1M
ACEUSDT,25,0,240000,0.0,NO_1M
ACHUSDT,36,15000,240000,6.25,PARTIAL_1M
ACTUSDT,37,0,240000,0.0,NO_1M
ACUUSDT,41,15000,240000,6.25,PARTIAL_1M
ADAUSDT,26,15000,240000,6.25,PARTIAL_1M
AEROUSDT,40,15000,240000,6.25,PARTIAL_1M
AEVOUSDT,34,15000,240000,6.25,PARTIAL_1M
AGLDUSDT,39,10500,240000,4.38,PARTIAL_1M
AGTUSDT,28,0,240000,0.0,NO_1M
AIAUSDT,18,0,240000,0.0,NO_1M
AIGENSYNUSDT,20,0,0,0.0,NO_1M
AINUSDT,14,0,240000,0.0,NO_1M
AIOTUSDT,32,0,240000,0.0,NO_1M
AIOUSDT,21,0,240000,0.0,NO_1M
AIXBTUSDT,41,15000,240000,6.25,PARTIAL_1M
AKEUSDT,25,0,240000,0.0,NO_1M
AKTUSDT,27,15000,240000,6.25,PARTIAL_1M
ALCHUSDT,35,0,240000,0.0,NO_1M
ALGOUSDT,32,0,240000,0.0,NO_1M
ALICEUSDT,23,0,240000,0.0,NO_1M
ALLOUSDT,26,0,240000,0.0,NO_1M
ALLUSDT,35,0,240000,0.0,NO_1M
ALPINEUSDT,34,0,240000,0.0,NO_1M
ALTUSDT,15,0,240000,0.0,NO_1M
ANIMEUSDT,31,15000,240000,6.25,PARTIAL_1M
ANKRUSDT,36,0,240000,0.0,NO_1M
APEUSDT,28,0,240000,0.0,NO_1M
API3USDT,33,0,240000,0.0,NO_1M
APRUSDT,30,0,240000,0.0,NO_1M
APTUSDT,27,15000,240000,6.25,PARTIAL_1M
ARBUSDT,26,15000,240000,6.25,PARTIAL_1M
ARCUSDT,32,0,240000,0.0,NO_1M
ARIAUSDT,9,0,240000,0.0,NO_1M
ARKMUSDT,33,0,240000,0.0,NO_1M
ARKUSDT,37,0,240000,0.0,NO_1M
ARPAUSDT,35,0,240000,0.0,NO_1M
ARUSDT,24,0,240000,0.0,NO_1M
ARXUSDT,16,0,0,0.0,NO_1M
ASRUSDT,14,0,240000,0.0,NO_1M
ASTERUSDT,21,0,240000,0.0,NO_1M
ASTRUSDT,37,0,240000,0.0,NO_1M
ATHUSDT,36,0,240000,0.0,NO_1M
ATOMUSDT,26,0,240000,0.0,NO_1M
ATUSDT,29,0,240000,0.0,NO_1M
AUCTIONUSDT,17,0,240000,0.0,NO_1M
AUSDT,34,0,240000,0.0,NO_1M
AVAAIUSDT,31,0,240000,0.0,NO_1M
AVAUSDT,29,0,240000,0.0,NO_1M
AVAXUSDT,30,15000,240000,6.25,PARTIAL_1M
AVNTUSDT,33,0,240000,0.0,NO_1M
AWEUSDT,30,0,240000,0.0,NO_1M
AXLUSDT,23,0,240000,0.0,NO_1M
AXSUSDT,25,0,240000,0.0,NO_1M
AZTECUSDT,31,0,240000,0.0,NO_1M
B2USDT,26,0,240000,0.0,NO_1M
BABYUSDT,12,0,240000,0.0,NO_1M
BANANAS31USDT,32,0,240000,0.0,NO_1M
BANANAUSDT,30,0,240000,0.0,NO_1M
BANDUSDT,30,0,240000,0.0,NO_1M
BANKUSDT,20,0,240000,0.0,NO_1M
BANUSDT,14,0,240000,0.0,NO_1M
BARDUSDT,33,0,240000,0.0,NO_1M
BASEDUSDT,35,0,240000,0.0,NO_1M
BASUSDT,22,0,240000,0.0,NO_1M
BATUSDT,23,0,240000,0.0,NO_1M
BBUSDT,21,0,240000,0.0,NO_1M
BCHUSDT,34,0,240000,0.0,NO_1M
BEAMXUSDT,34,0,240000,0.0,NO_1M
BEATUSDT,14,0,240000,0.0,NO_1M
BELUSDT,18,0,240000,0.0,NO_1M
BERAUSDT,30,0,240000,0.0,NO_1M
BICOUSDT,20,0,240000,0.0,NO_1M
BIGTIMEUSDT,30,0,240000,0.0,NO_1M
BILLUSDT,14,0,0,0.0,NO_1M
BIOUSDT,35,0,240000,0.0,NO_1M
BIRBUSDT,25,0,240000,0.0,NO_1M
BLESSUSDT,23,0,240000,0.0,NO_1M
BLUAIUSDT,23,0,240000,0.0,NO_1M
BLURUSDT,33,0,240000,0.0,NO_1M
BMTUSDT,40,0,240000,0.0,NO_1M
BNBUSDT,28,15000,240000,6.25,PARTIAL_1M
BNTUSDT,35,0,240000,0.0,NO_1M
BOMEUSDT,29,0,240000,0.0,NO_1M
BRETTUSDT,30,0,240000,0.0,NO_1M
BREVUSDT,34,0,240000,0.0,NO_1M
BROCCOLI714USDT,26,0,240000,0.0,NO_1M
BROCCOLIF3BUSDT,41,0,240000,0.0,NO_1M
BRUSDT,16,0,240000,0.0,NO_1M
BSBUSDT,22,0,240000,0.0,NO_1M
BSVUSDT,27,0,240000,0.0,NO_1M
BTCDOMUSDT,47,0,240000,0.0,NO_1M
BTCUSDT,38,15000,240000,6.25,PARTIAL_1M
BTRUSDT,29,0,240000,0.0,NO_1M
BTWUSDT,10,0,0,0.0,NO_1M
BULLAUSDT,20,0,240000,0.0,NO_1M
BUSDT,13,0,240000,0.0,NO_1M
C98USDT,37,0,240000,0.0,NO_1M
CAKEUSDT,27,0,240000,0.0,NO_1M
CAPUSDT,7,0,0,0.0,NO_1M
CARVUSDT,30,0,240000,0.0,NO_1M
CATIUSDT,39,0,240000,0.0,NO_1M
CCUSDT,27,0,240000,0.0,NO_1M
CELOUSDT,36,0,240000,0.0,NO_1M
CELRUSDT,25,0,240000,0.0,NO_1M
CETUSUSDT,27,0,240000,0.0,NO_1M
CFGUSDT,31,0,240000,0.0,NO_1M
CFXUSDT,33,0,240000,0.0,NO_1M
CGPTUSDT,26,0,240000,0.0,NO_1M
CHILLGUYUSDT,38,0,240000,0.0,NO_1M
CHIPUSDT,26,0,0,0.0,NO_1M
CHRUSDT,31,0,240000,0.0,NO_1M
CHZUSDT,36,0,240000,0.0,NO_1M
CKBUSDT,30,0,240000,0.0,NO_1M
CLANKERUSDT,32,0,240000,0.0,NO_1M
CLOUSDT,20,0,240000,0.0,NO_1M
COAIUSDT,38,0,240000,0.0,NO_1M
COLLECTUSDT,32,0,240000,0.0,NO_1M
COMPUSDT,34,0,240000,0.0,NO_1M
COOKIEUSDT,25,0,240000,0.0,NO_1M
COTIUSDT,27,0,240000,0.0,NO_1M
COWUSDT,25,0,240000,0.0,NO_1M
CROSSUSDT,37,0,240000,0.0,NO_1M
CRVUSDT,28,0,240000,0.0,NO_1M
CTKUSDT,29,0,240000,0.0,NO_1M
CTRUSDT,20,0,0,0.0,NO_1M
CTSIUSDT,21,0,240000,0.0,NO_1M
CUSDT,23,0,240000,0.0,NO_1M
CVCUSDT,18,0,240000,0.0,NO_1M
CVXUSDT,29,0,240000,0.0,NO_1M
CYBERUSDT,24,0,240000,0.0,NO_1M
CYSUSDT,22,0,240000,0.0,NO_1M
DASHUSDT,31,0,240000,0.0,NO_1M
DATAIPUSDT,13,0,0,0.0,NO_1M
DEEPUSDT,27,0,240000,0.0,NO_1M
DEXEUSDT,11,0,240000,0.0,NO_1M
DIAUSDT,27,0,240000,0.0,NO_1M
DODOXUSDT,29,0,240000,0.0,NO_1M
DOGEUSDT,30,15000,240000,6.25,PARTIAL_1M
DOGSUSDT,28,0,240000,0.0,NO_1M
DOLOUSDT,43,0,240000,0.0,NO_1M
DOODUSDT,25,0,240000,0.0,NO_1M
DOSUSDT,6,0,0,0.0,NO_1M
DOTUSDT,31,0,240000,0.0,NO_1M
DRIFTUSDT,26,0,240000,0.0,NO_1M
DUSKUSDT,30,0,240000,0.0,NO_1M
DYDXUSDT,30,0,240000,0.0,NO_1M
DYMUSDT,23,0,240000,0.0,NO_1M
EDENUSDT,26,0,240000,0.0,NO_1M
EDGEUSDT,27,0,240000,0.0,NO_1M
EDUUSDT,26,0,240000,0.0,NO_1M
EGLDUSDT,32,0,240000,0.0,NO_1M
EIGENUSDT,37,0,240000,0.0,NO_1M
ELSAUSDT,31,0,240000,0.0,NO_1M
ENAUSDT,30,0,240000,0.0,NO_1M
ENJUSDT,27,0,240000,0.0,NO_1M
ENSOUSDT,47,0,240000,0.0,NO_1M
ENSUSDT,20,0,240000,0.0,NO_1M
EPICUSDT,22,0,240000,0.0,NO_1M
ERAUSDT,23,0,240000,0.0,NO_1M
ESPORTSUSDT,15,0,240000,0.0,NO_1M
ESPUSDT,47,15000,240000,6.25,PARTIAL_1M
ETCUSDT,33,0,240000,0.0,NO_1M
ETHFIUSDT,39,0,240000,0.0,NO_1M
ETHUSDT,338,15000,240000,6.25,PARTIAL_1M
ETHWUSDT,29,0,240000,0.0,NO_1M
EULUSDT,34,0,240000,0.0,NO_1M
EVAAUSDT,23,0,240000,0.0,NO_1M
FARTCOINUSDT,28,0,240000,0.0,NO_1M
FETUSDT,30,15000,240000,6.25,PARTIAL_1M
FFUSDT,32,0,240000,0.0,NO_1M
FHEUSDT,26,0,240000,0.0,NO_1M
FIDAUSDT,11,0,240000,0.0,NO_1M
FIGHTUSDT,42,0,240000,0.0,NO_1M
FILUSDT,26,0,240000,0.0,NO_1M
FLOCKUSDT,31,0,240000,0.0,NO_1M
FLOWUSDT,29,0,240000,0.0,NO_1M
FLUIDUSDT,37,0,240000,0.0,NO_1M
FLUXUSDT,21,0,240000,0.0,NO_1M
FOGOUSDT,35,0,240000,0.0,NO_1M
FOLKSUSDT,27,0,240000,0.0,NO_1M
FORMUSDT,31,0,240000,0.0,NO_1M
FRAXUSDT,35,0,240000,0.0,NO_1M
FUSDT,35,0,240000,0.0,NO_1M
GALAUSDT,34,0,240000,0.0,NO_1M
GASUSDT,19,0,240000,0.0,NO_1M
GENIUSUSDT,22,0,0,0.0,NO_1M
GIGGLEUSDT,29,0,240000,0.0,NO_1M
GLMUSDT,34,0,240000,0.0,NO_1M
GMTUSDT,34,0,240000,0.0,NO_1M
GMXUSDT,36,0,240000,0.0,NO_1M
GOATUSDT,33,0,240000,0.0,NO_1M
GPSUSDT,29,0,240000,0.0,NO_1M
GRAMUSDT,11,0,0,0.0,NO_1M
GRASSUSDT,34,0,240000,0.0,NO_1M
GRIFFAINUSDT,19,0,240000,0.0,NO_1M
GRTUSDT,33,0,240000,0.0,NO_1M
GRVTUSDT,10,0,0,0.0,NO_1M
GTCUSDT,34,0,240000,0.0,NO_1M
GUAUSDT,14,0,240000,0.0,NO_1M
GUNUSDT,20,0,240000,0.0,NO_1M
GUSDT,35,0,240000,0.0,NO_1M
GWEIUSDT,26,0,240000,0.0,NO_1M
HAEDALUSDT,23,0,240000,0.0,NO_1M
HANAUSDT,24,0,240000,0.0,NO_1M
HBARUSDT,30,0,240000,0.0,NO_1M
HEIUSDT,25,0,240000,0.0,NO_1M
HEMIUSDT,30,0,240000,0.0,NO_1M
HIVEUSDT,34,0,240000,0.0,NO_1M
HMSTRUSDT,33,0,240000,0.0,NO_1M
HOLOUSDT,30,0,240000,0.0,NO_1M
HOMEUSDT,21,0,240000,0.0,NO_1M
HOTUSDT,30,0,240000,0.0,NO_1M
HUMAUSDT,29,0,240000,0.0,NO_1M
HUSDT,17,0,240000,0.0,NO_1M
HYPERUSDT,30,0,240000,0.0,NO_1M
HYPEUSDT,38,0,240000,0.0,NO_1M
ICNTUSDT,26,0,240000,0.0,NO_1M
ICPUSDT,34,0,240000,0.0,NO_1M
IDOLUSDT,24,0,240000,0.0,NO_1M
IDUSDT,28,0,240000,0.0,NO_1M
ILVUSDT,32,0,240000,0.0,NO_1M
IMXUSDT,33,0,240000,0.0,NO_1M
INITUSDT,36,0,240000,0.0,NO_1M
INJUSDT,30,15000,240000,6.25,PARTIAL_1M
INUSDT,20,0,240000,0.0,NO_1M
INXUSDT,29,0,240000,0.0,NO_1M
IOSTUSDT,31,0,240000,0.0,NO_1M
IOTAUSDT,35,0,240000,0.0,NO_1M
IOTXUSDT,35,0,240000,0.0,NO_1M
IOUSDT,37,0,240000,0.0,NO_1M
IRYSUSDT,18,0,240000,0.0,NO_1M
JASMYUSDT,33,0,240000,0.0,NO_1M
JCTUSDT,25,0,240000,0.0,NO_1M
JELLYJELLYUSDT,12,0,240000,0.0,NO_1M
JOEUSDT,29,0,240000,0.0,NO_1M
JSTUSDT,31,0,240000,0.0,NO_1M
JTOUSDT,37,0,240000,0.0,NO_1M
JUPUSDT,35,0,240000,0.0,NO_1M
KAIAUSDT,21,0,240000,0.0,NO_1M
KAITOUSDT,38,0,240000,0.0,NO_1M
KASUSDT,40,0,240000,0.0,NO_1M
KATUSDT,25,0,240000,0.0,NO_1M
KAVAUSDT,39,0,240000,0.0,NO_1M
KERNELUSDT,35,0,240000,0.0,NO_1M
KGENUSDT,35,0,240000,0.0,NO_1M
KITEUSDT,29,0,240000,0.0,NO_1M
KMNOUSDT,38,0,240000,0.0,NO_1M
KNCUSDT,25,0,240000,0.0,NO_1M
KOMAUSDT,22,0,240000,0.0,NO_1M
KSMUSDT,24,0,240000,0.0,NO_1M
LABUSDT,13,0,240000,0.0,NO_1M
LAUSDT,28,0,240000,0.0,NO_1M
LAYERUSDT,25,0,240000,0.0,NO_1M
LDOUSDT,34,0,240000,0.0,NO_1M
LIGHTUSDT,27,0,240000,0.0,NO_1M
LINEAUSDT,27,0,240000,0.0,NO_1M
LINKUSDT,29,15000,240000,6.25,PARTIAL_1M
LISTAUSDT,37,0,240000,0.0,NO_1M
LITUSDT,40,0,240000,0.0,NO_1M
LPTUSDT,23,0,240000,0.0,NO_1M
LQTYUSDT,28,0,240000,0.0,NO_1M
LSKUSDT,33,0,240000,0.0,NO_1M
LTCUSDT,26,0,240000,0.0,NO_1M
LUMIAUSDT,31,0,240000,0.0,NO_1M
LUNA2USDT,25,0,240000,0.0,NO_1M
LYNUSDT,16,0,240000,0.0,NO_1M
MAGICUSDT,30,0,240000,0.0,NO_1M
MAGMAUSDT,23,0,240000,0.0,NO_1M
MANAUSDT,30,0,240000,0.0,NO_1M
MANTAUSDT,34,0,240000,0.0,NO_1M
MANTRAUSDT,46,0,240000,0.0,NO_1M
MASKUSDT,28,0,240000,0.0,NO_1M
MAVIAUSDT,35,0,240000,0.0,NO_1M
MAVUSDT,38,0,240000,0.0,NO_1M
MEGAUSDT,23,0,240000,0.0,NO_1M
MELANIAUSDT,26,0,240000,0.0,NO_1M
MEMEUSDT,34,0,240000,0.0,NO_1M
MERLUSDT,25,0,240000,0.0,NO_1M
METISUSDT,21,0,240000,0.0,NO_1M
METUSDT,30,0,240000,0.0,NO_1M
MEUSDT,30,0,240000,0.0,NO_1M
MEWUSDT,34,0,240000,0.0,NO_1M
MINAUSDT,29,0,240000,0.0,NO_1M
MIRAUSDT,31,0,240000,0.0,NO_1M
MITOUSDT,22,0,240000,0.0,NO_1M
MMTUSDT,29,0,240000,0.0,NO_1M
MOCAUSDT,31,0,240000,0.0,NO_1M
MONUSDT,30,0,240000,0.0,NO_1M
MOODENGUSDT,32,0,240000,0.0,NO_1M
MORPHOUSDT,28,0,240000,0.0,NO_1M
MOVEUSDT,33,0,240000,0.0,NO_1M
MOVRUSDT,22,0,240000,0.0,NO_1M
MTLUSDT,19,0,240000,0.0,NO_1M
MUBARAKUSDT,22,0,240000,0.0,NO_1M
MUSDT,34,0,240000,0.0,NO_1M
MYXUSDT,12,0,240000,0.0,NO_1M
NAORISUSDT,12,0,240000,0.0,NO_1M
NEARUSDT,30,15000,240000,6.25,PARTIAL_1M
NEIROUSDT,24,0,240000,0.0,NO_1M
NEOUSDT,32,0,240000,0.0,NO_1M
NEWTUSDT,38,0,240000,0.0,NO_1M
NIGHTUSDT,30,0,240000,0.0,NO_1M
NILUSDT,30,0,240000,0.0,NO_1M
NMRUSDT,29,0,240000,0.0,NO_1M
NOMUSDT,34,0,240000,0.0,NO_1M
NOTUSDT,29,0,240000,0.0,NO_1M
NXPCUSDT,22,0,240000,0.0,NO_1M
OGNUSDT,22,0,240000,0.0,NO_1M
OGUSDT,28,0,240000,0.0,NO_1M
ONDOUSDT,32,0,240000,0.0,NO_1M
ONEUSDT,24,0,240000,0.0,NO_1M
ONGUSDT,34,0,240000,0.0,NO_1M
ONTUSDT,27,0,240000,0.0,NO_1M
ONUSDT,31,0,240000,0.0,NO_1M
OPENUSDT,35,0,240000,0.0,NO_1M
OPGUSDT,27,0,0,0.0,NO_1M
OPNUSDT,28,0,240000,0.0,NO_1M
OPUSDT,48,15000,240000,6.25,PARTIAL_1M
ORCAUSDT,37,0,240000,0.0,NO_1M
ORDERUSDT,25,0,240000,0.0,NO_1M
ORDIUSDT,31,0,240000,0.0,NO_1M
OUSDT,12,0,0,0.0,NO_1M
PARTIUSDT,37,0,240000,0.0,NO_1M
PAXGUSDT,43,0,240000,0.0,NO_1M
PENDLEUSDT,42,0,240000,0.0,NO_1M
PENGUUSDT,27,0,240000,0.0,NO_1M
PEOPLEUSDT,32,0,240000,0.0,NO_1M
PHAROSUSDT,18,0,0,0.0,NO_1M
PHAUSDT,40,0,240000,0.0,NO_1M
PIEVERSEUSDT,21,0,240000,0.0,NO_1M
PIPPINUSDT,30,0,240000,0.0,NO_1M
PIXELUSDT,23,0,240000,0.0,NO_1M
PLAYUSDT,10,0,240000,0.0,NO_1M
PLUMEUSDT,39,0,240000,0.0,NO_1M
PNUTUSDT,36,0,240000,0.0,NO_1M
POLUSDT,38,0,240000,0.0,NO_1M
POLYXUSDT,38,0,240000,0.0,NO_1M
POPCATUSDT,32,0,240000,0.0,NO_1M
PORTALUSDT,24,0,240000,0.0,NO_1M
POWERUSDT,31,0,240000,0.0,NO_1M
POWRUSDT,27,0,240000,0.0,NO_1M
PRLUSDT,20,0,240000,0.0,NO_1M
PROMPTUSDT,29,0,240000,0.0,NO_1M
PROMUSDT,15,0,240000,0.0,NO_1M
PROVEUSDT,27,0,240000,0.0,NO_1M
PTBUSDT,23,0,240000,0.0,NO_1M
PUMPBTCUSDT,31,0,240000,0.0,NO_1M
PUMPUSDT,43,0,240000,0.0,NO_1M
PUNDIXUSDT,30,0,240000,0.0,NO_1M
PYTHUSDT,35,0,240000,0.0,NO_1M
QNTUSDT,29,0,240000,0.0,NO_1M
QTUMUSDT,45,0,240000,0.0,NO_1M
QUSDT,19,0,240000,0.0,NO_1M
RAREUSDT,25,0,240000,0.0,NO_1M
RAVEUSDT,6,0,240000,0.0,NO_1M
RAYSOLUSDT,33,0,240000,0.0,NO_1M
RECALLUSDT,34,0,240000,0.0,NO_1M
REDUSDT,38,0,240000,0.0,NO_1M
RENDERUSDT,27,15000,240000,6.25,PARTIAL_1M
RESOLVUSDT,28,0,240000,0.0,NO_1M
REUSDT,12,0,0,0.0,NO_1M
REZUSDT,25,0,240000,0.0,NO_1M
RIFUSDT,21,0,240000,0.0,NO_1M
RIVERUSDT,20,0,240000,0.0,NO_1M
RLCUSDT,34,0,240000,0.0,NO_1M
ROBOUSDT,44,0,240000,0.0,NO_1M
RONINUSDT,26,0,240000,0.0,NO_1M
ROSEUSDT,37,0,240000,0.0,NO_1M
RPLUSDT,32,0,240000,0.0,NO_1M
RSRUSDT,39,0,240000,0.0,NO_1M
RUNEUSDT,38,0,240000,0.0,NO_1M
RVNUSDT,30,0,240000,0.0,NO_1M
SAFEUSDT,28,0,240000,0.0,NO_1M
SAGAUSDT,23,0,240000,0.0,NO_1M
SAHARAUSDT,26,0,240000,0.0,NO_1M
SANDUSDT,31,0,240000,0.0,NO_1M
SANTOSUSDT,22,0,240000,0.0,NO_1M
SAPIENUSDT,31,0,240000,0.0,NO_1M
SCRUSDT,41,0,240000,0.0,NO_1M
SEIUSDT,27,15000,240000,6.25,PARTIAL_1M
SENTUSDT,31,0,240000,0.0,NO_1M
SFPUSDT,42,0,240000,0.0,NO_1M
SHELLUSDT,38,0,240000,0.0,NO_1M
SIGNUSDT,24,0,240000,0.0,NO_1M
SIRENUSDT,8,0,240000,0.0,NO_1M
SKLUSDT,17,0,240000,0.0,NO_1M
SKRUSDT,28,0,240000,0.0,NO_1M
SKYAIUSDT,18,0,240000,0.0,NO_1M
SKYUSDT,41,0,240000,0.0,NO_1M
SLPUSDT,32,0,240000,0.0,NO_1M
SLXUSDT,9,0,0,0.0,NO_1M
SNXUSDT,36,0,240000,0.0,NO_1M
SOLUSDT,331,15000,240000,6.25,PARTIAL_1M
SOLVUSDT,22,0,240000,0.0,NO_1M
SOMIUSDT,35,0,240000,0.0,NO_1M
SONICUSDT,22,0,240000,0.0,NO_1M
SOONUSDT,17,0,240000,0.0,NO_1M
SOPHUSDT,29,0,240000,0.0,NO_1M
SPACEUSDT,25,0,240000,0.0,NO_1M
SPELLUSDT,24,0,240000,0.0,NO_1M
SPKUSDT,22,0,240000,0.0,NO_1M
SPORTFUNUSDT,26,0,240000,0.0,NO_1M
SPXUSDT,42,0,240000,0.0,NO_1M
SQDUSDT,35,0,240000,0.0,NO_1M
SSVUSDT,23,0,240000,0.0,NO_1M
STABLEUSDT,33,0,240000,0.0,NO_1M
STARUSDT,28,0,0,0.0,NO_1M
STBLUSDT,32,0,240000,0.0,NO_1M
STEEMUSDT,35,0,240000,0.0,NO_1M
STOUSDT,30,0,240000,0.0,NO_1M
STRKUSDT,29,0,240000,0.0,NO_1M
STXUSDT,32,0,240000,0.0,NO_1M
SUIUSDT,30,15000,240000,6.25,PARTIAL_1M
SUNUSDT,30,0,240000,0.0,NO_1M
SUPERUSDT,25,0,240000,0.0,NO_1M
SUSDT,27,0,240000,0.0,NO_1M
SUSHIUSDT,35,0,240000,0.0,NO_1M
SWARMSUSDT,35,0,240000,0.0,NO_1M
SXTUSDT,37,0,240000,0.0,NO_1M
SYNUSDT,26,0,240000,0.0,NO_1M
SYRUPUSDT,42,0,240000,0.0,NO_1M
TACUSDT,14,0,240000,0.0,NO_1M
TAGUSDT,29,0,240000,0.0,NO_1M
TAIKOUSDT,24,0,240000,0.0,NO_1M
TAKEUSDT,27,0,240000,0.0,NO_1M
TAOUSDT,25,15000,240000,6.25,PARTIAL_1M
TAUSDT,27,0,240000,0.0,NO_1M
THETAUSDT,31,0,240000,0.0,NO_1M
THEUSDT,24,0,240000,0.0,NO_1M
TIAUSDT,27,15000,240000,6.25,PARTIAL_1M
TLMUSDT,24,0,240000,0.0,NO_1M
TNSRUSDT,27,0,240000,0.0,NO_1M
TOSHIUSDT,34,0,240000,0.0,NO_1M
TOWNSUSDT,27,0,240000,0.0,NO_1M
TRADOORUSDT,11,0,240000,0.0,NO_1M
TRBUSDT,35,0,240000,0.0,NO_1M
TREEUSDT,40,0,240000,0.0,NO_1M
TRIAUSDT,21,0,240000,0.0,NO_1M
TRUMPUSDT,29,0,240000,0.0,NO_1M
TRUSTUSDT,37,0,240000,0.0,NO_1M
TRUTHUSDT,23,0,240000,0.0,NO_1M
TRXUSDT,29,0,240000,0.0,NO_1M
TSTUSDT,21,0,240000,0.0,NO_1M
TURBOUSDT,33,0,240000,0.0,NO_1M
TURTLEUSDT,34,0,240000,0.0,NO_1M
TUSDT,29,0,240000,0.0,NO_1M
TUTUSDT,20,0,240000,0.0,NO_1M
TWTUSDT,28,0,240000,0.0,NO_1M
UAIUSDT,30,0,240000,0.0,NO_1M
UBUSDT,29,0,240000,0.0,NO_1M
UMAUSDT,23,0,240000,0.0,NO_1M
UNIUSDT,31,0,240000,0.0,NO_1M
USDCUSDT,43,0,240000,0.0,NO_1M
USELESSUSDT,41,0,240000,0.0,NO_1M
USTCUSDT,27,0,240000,0.0,NO_1M
USUALUSDT,32,0,240000,0.0,NO_1M
USUSDT,31,0,240000,0.0,NO_1M
VANAUSDT,32,0,240000,0.0,NO_1M
VELODROMEUSDT,29,0,240000,0.0,NO_1M
VELVETUSDT,12,0,240000,0.0,NO_1M
VETUSDT,27,0,240000,0.0,NO_1M
VIRTUALUSDT,26,0,240000,0.0,NO_1M
VTHOUSDT,17,0,240000,0.0,NO_1M
VVVUSDT,29,0,240000,0.0,NO_1M
WALUSDT,25,0,240000,0.0,NO_1M
WAXPUSDT,18,0,240000,0.0,NO_1M
WCTUSDT,23,0,240000,0.0,NO_1M
WETUSDT,30,0,240000,0.0,NO_1M
WIFUSDT,40,15000,240000,6.25,PARTIAL_1M
WLDUSDT,22,0,240000,0.0,NO_1M
WLFIUSDT,30,0,240000,0.0,NO_1M
WOOUSDT,41,0,240000,0.0,NO_1M
WUSDT,22,0,240000,0.0,NO_1M
XAIUSDT,31,0,240000,0.0,NO_1M
XANUSDT,32,0,240000,0.0,NO_1M
XAUTUSDT,36,0,240000,0.0,NO_1M
XLMUSDT,31,0,240000,0.0,NO_1M
XMRUSDT,25,0,240000,0.0,NO_1M
XNYUSDT,42,0,240000,0.0,NO_1M
XPINUSDT,20,0,240000,0.0,NO_1M
XPLUSDT,26,0,240000,0.0,NO_1M
XRPUSDT,26,15000,240000,6.25,PARTIAL_1M
XTZUSDT,29,0,240000,0.0,NO_1M
XVGUSDT,26,0,240000,0.0,NO_1M
XVSUSDT,22,0,240000,0.0,NO_1M
YBUSDT,28,0,240000,0.0,NO_1M
YFIUSDT,24,0,240000,0.0,NO_1M
YGGUSDT,21,0,240000,0.0,NO_1M
ZAMAUSDT,34,0,240000,0.0,NO_1M
ZBTUSDT,29,0,240000,0.0,NO_1M
ZECUSDT,25,0,240000,0.0,NO_1M
ZENUSDT,30,0,240000,0.0,NO_1M
ZEREBROUSDT,37,0,240000,0.0,NO_1M
ZESTUSDT,20,0,0,0.0,NO_1M
ZETAUSDT,34,0,240000,0.0,NO_1M
ZILUSDT,32,0,240000,0.0,NO_1M
ZKCUSDT,25,0,240000,0.0,NO_1M
ZKPUSDT,29,0,240000,0.0,NO_1M
ZKUSDT,24,0,240000,0.0,NO_1M
ZORAUSDT,28,0,240000,0.0,NO_1M
ZROUSDT,33,0,240000,0.0,NO_1M
ZRXUSDT,32,0,240000,0.0,NO_1M
