idx,enter_ts,exit_ts,symbol,direction,notional,net_ret,pnl,fee_usd,slip_usd,fund_usd,bars_held_4h,resolution_used
0,1789444800000,1789462260000,ESPUSDT,SHORT,5.0,0.33621383998146104,0.016810691999073053,0.004,0.019229517944300084,0.0005,2,1m
1,1789444800000,1789456680000,WIFUSDT,SHORT,5.0,0.043381639827275185,0.002169081991363759,0.004,0.01656813331569378,0.00025,1,1m
2,1789459200000,1789474800000,FETUSDT,SHORT,5.000108454099569,-0.12288102501614147,-0.006144184520316296,0.004000086763279655,0.023615273148952738,0.0005000108454099568,2,1m
3,1789459200000,1789473840000,SEIUSDT,SHORT,5.000108454099569,0.0064885101752254985,0.00032443254581656093,0.004000086763279655,0.017188425696582632,0.0005000108454099568,2,1m
4,1789459200000,1789459980000,TAOUSDT,SHORT,5.000108454099569,-0.06348926756904123,-0.0031745322351655262,0.004000086763279655,0.018743836757409094,0.0002500054227049784,1,1m
5,1789473600000,1789484040000,TIAUSDT,SHORT,5.000790262087764,2.9076486743313903,0.14540541176168814,0.004000632209670211,0.01079885135343614,0.0002500395131043882,1,1m
6,1789488000000,1789489260000,1INCHUSDT,SHORT,5.007769545077123,-0.17318741092329604,-0.008672826420124388,0.004006215636061699,0.010824564387088025,0.00025038847725385616,1,1m
7,1789488000000,1789497420000,AEROUSDT,SHORT,5.007769545077123,0.6073178414628764,0.030413077906597686,0.004006215636061699,0.015435372142249028,0.00025038847725385616,1,1m
8,1789488000000,1789493640000,AKTUSDT,SHORT,5.007769545077123,-0.28579082048349913,-0.0143117456707987,0.004006215636061699,0.025851902504119235,0.00025038847725385616,1,1m
9,1789488000000,1789497420000,DOGEUSDT,SHORT,5.007769545077123,0.44838233061184457,0.022453953797886967,0.004006215636061699,0.01572890749314322,0.00025038847725385616,1,1m
10,1789488000000,1789489740000,INJUSDT,SHORT,5.007769545077123,0.16094795968265407,0.008059902908410957,0.004006215636061699,0.017027303666596078,0.00025038847725385616,1,1m
11,1789488000000,1789491480000,OPUSDT,LONG,5.007769545077123,0.4058518827370734,0.02032412698182928,0.004006215636061699,0.028970712833748358,0.00025038847725385616,1,1m
12,1789488000000,1789496940000,RENDERUSDT,SHORT,5.007769545077123,-0.14279887913842632,-0.007151038780205602,0.004006215636061699,0.015210934967930155,0.00025038847725385616,1,1m
13,1789502400000,1789505160000,1000BONKUSDT,SHORT,5.010325317613304,0.20876272680658275,0.010459691754930112,0.004008260254090643,0.02041822909955427,0.0002505162658806652,1,1m
14,1789502400000,1789503900000,1000SHIBUSDT,SHORT,5.010325317613304,0.7235752299423902,0.036253472937782256,0.004008260254090643,0.008595761411411688,0.0002505162658806652,1,1m
15,1789502400000,1789504620000,ADAUSDT,SHORT,5.010325317613304,0.859288866160138,0.04305316761265369,0.004008260254090643,0.014033642889112246,0.0002505162658806652,1,1m
16,1789502400000,1789504680000,AIXBTUSDT,SHORT,5.010325317613304,0.23443386686469508,0.011745899384581683,0.004008260254090643,0.01457977877304639,0.0002505162658806652,1,1m
17,1789502400000,1789504260000,BTCUSDT,SHORT,5.010325317613304,0.3173631319536061,0.01590092534904204,0.004008260254090643,0.005654445817006864,0.0002505162658806652,1,1m
18,1789502400000,1789504560000,LINKUSDT,SHORT,5.010325317613304,0.8986917008389598,0.045027377814424015,0.004008260254090643,0.013345129726965865,0.0002505162658806652,1,1m
19,1789502400000,1789504680000,SOLUSDT,SHORT,5.010325317613304,0.6589146541603391,0.03301376773885961,0.004008260254090643,0.010659003970723358,0.0002505162658806652,1,1m
20,1789502400000,1789504560000,SUIUSDT,SHORT,5.010325317613304,0.5699406795215588,0.028555882161445965,0.004008260254090643,0.011825128618133124,0.0002505162658806652,1,1m
21,1789502400000,1789503360000,XRPUSDT,SHORT,5.010325317613304,0.6070924434675247,0.03041730639637062,0.004008260254090643,0.02095312927468958,0.0002505162658806652,1,1m
22,1789516800000,1789517100000,ARBUSDT,LONG,5.023046692170809,-0.09907505574553904,-0.004976586310392683,0.004018437353736647,0.029377179707543687,0.00025115233460854046,1,1m
23,1789531200000,1789549560000,AEVOUSDT,SHORT,5.022797862855288,0.007222848057592971,0.0003627890578740644,0.004018238290284231,0.012003860618487369,0.0005022797862855289,2,1m
24,1789545600000,1789581480000,ANIMEUSDT,SHORT,5.022797862855288,0.0051376753161479615,0.00025805504597992346,0.004018238290284231,0.01171996537840141,0.0007534196794282933,3,1m
25,1789545600000,1789546560000,AVAXUSDT,SHORT,5.022797862855288,-0.11519153346965623,-0.005785837881304127,0.004018238290284231,0.015828628794525148,0.00025113989314276444,1,1m
26,1789545600000,1789547880000,BNBUSDT,SHORT,5.022797862855288,0.23577906147618882,0.01184270566088627,0.004018238290284231,0.009721725211601487,0.00025113989314276444,1,1m
27,1789560000000,1789565160000,ACUUSDT,SHORT,5.023118845697161,-0.09517111476986839,-0.004780558201665334,0.004018495076557729,0.01554617502130465,0.0002511559422848581,1,1m
28,1789574400000,1789580100000,ACHUSDT,SHORT,5.022879817787079,-0.07649211397831561,-0.0038421069552155036,0.004018303854229663,0.010557521677673319,0.0002511439908893539,1,1m
29,1789574400000,1789581480000,ANIMEUSDT,SHORT,5.022879817787079,0.05247930330422403,0.0026359723341831363,0.004018303854229663,0.011703750332327241,0.0002511439908893539,1,1m
30,1789574400000,1789581240000,AVAXUSDT,SHORT,5.022879817787079,-0.0731540796463936,-0.0036744415024465896,0.004018303854229663,0.011676945283578266,0.0002511439908893539,1,1m
31,1789603200000,1789603920000,NEARUSDT,LONG,5.022648691733203,0.4218881259435769,0.021189958438282794,0.004018118953386563,0.012503317581732027,0.00025113243458666016,1,1m
32,1789660800000,1789696140000,0GUSDT,LONG,5.0237081896551175,-0.2708664804440946,-0.013607541561100557,0.004018966551724094,0.022190706508716164,0.0007535562284482676,3,1m
33,1789660800000,1789701780000,1000PEPEUSDT,LONG,5.0237081896551175,0.27325209065397643,0.013727387656587639,0.004018966551724094,0.020214010608056925,0.0007535562284482676,3,1m
34,1789675200000,1789696980000,OPUSDT,LONG,5.0237081896551175,3.322017040452094,0.16688844212293039,0.004018966551724094,0.011541752494535816,0.0005023708189655118,2,1m
35,1789689600000,1789701060000,0GUSDT,LONG,5.0237081896551175,0.7602069043350339,0.03819057651140274,0.004018966551724094,0.026749977340458902,0.0002511854094827559,1,1m
36,1789689600000,1789693380000,RENDERUSDT,LONG,5.0237081896551175,1.6186839547024638,0.08131795839702101,0.004018966551724094,0.04430257568419042,0.0002511854094827559,1,1m
37,1789704000000,1789739640000,ACHUSDT,LONG,5.03803403081146,0.9749104877600543,0.04911632214330152,0.004030427224649168,0.0196248446015174,0.000755705104621719,3,1m
38,1789704000000,1789710300000,AEROUSDT,LONG,5.03803403081146,0.9076938244718334,0.045729923772465,0.004030427224649168,0.016858970469919316,0.000251901701540573,1,1m
39,1789704000000,1789727580000,AVAXUSDT,LONG,5.03803403081146,0.2934013855385749,0.014781661650305738,0.004030427224649168,0.01270258685713614,0.000503803403081146,2,1m
40,1789704000000,1789708800000,BNBUSDT,LONG,5.03803403081146,-0.14943592180499615,-0.007528632594792509,0.004030427224649168,0.011425507784465098,0.000251901701540573,1,1m
41,1789704000000,1789728420000,SUIUSDT,LONG,5.03803403081146,0.9308788151612694,0.046897991493439255,0.004030427224649168,0.010399516620845815,0.000503803403081146,2,1m
42,1789704000000,1789707720000,TAOUSDT,LONG,5.03803403081146,0.9514157420283471,0.0479326488578855,0.004030427224649168,0.01717910807190615,0.000251901701540573,1,1m
43,1789704000000,1789704360000,TIAUSDT,LONG,5.03803403081146,0.9326222098336348,0.04698582431032438,0.004030427224649168,0.021491908524185328,0.000251901701540573,1,1m
44,1789732800000,1789735680000,AEVOUSDT,LONG,5.047774001685941,0.4759272476498137,0.02402373187380676,0.004038219201348753,0.013635639828285764,0.00025238870008429705,1,1m
45,1789747200000,1789756200000,1000BONKUSDT,LONG,5.051431004386796,0.6835215175961553,0.034527617861507334,0.004041144803509437,0.013767607276326345,0.0002525715502193398,1,1m
46,1789747200000,1789748760000,BTCUSDT,LONG,5.051431004386796,-0.052139678512488186,-0.002633799885967428,0.004041144803509437,0.007463521906780266,0.0002525715502193398,1,1m
47,1789747200000,1789747680000,ETHUSDT,LONG,5.051431004386796,-0.013773042774595897,-0.0006957357529633924,0.004041144803509437,0.007247605269102945,0.0002525715502193398,1,1m
48,1789747200000,1789748640000,SOLUSDT,LONG,5.051431004386796,0.0005377429577763009,2.7163714493018658e-05,0.004041144803509437,0.01322403861991673,0.0002525715502193398,1,1m
49,1789761600000,1789765620000,INJUSDT,LONG,5.052992266683649,0.2227208973493794,0.011254069719352569,0.004042393813346919,0.020567304800321116,0.00025264961333418246,1,1m
50,1789776000000,1789777020000,ADAUSDT,LONG,5.053554970169618,0.9754716405408934,0.049295995573149426,0.004042843976135694,0.025436845593732833,0.00025267774850848087,1,1m
51,1789776000000,1789826580000,ANIMEUSDT,LONG,5.053554970169618,0.574201026570068,0.02901756451699664,0.004042843976135694,0.019668239613198888,0.0010107109940339235,4,1m
52,1789776000000,1789779780000,LINKUSDT,LONG,5.053554970169618,0.6021957909661095,0.03043229532452007,0.004042843976135694,0.015253627390692753,0.00025267774850848087,1,1m
53,1789790400000,1789795800000,ESPUSDT,LONG,5.057541384714501,-0.2647364309806238,-0.01338915455726119,0.004046033107771601,0.015440427178629928,0.00025287706923572505,1,1m
54,1789819200000,1789993860000,ACUUSDT,LONG,5.056871926986638,-0.3406118356365703,-0.017224304296299592,0.00404549754158931,0.017286684473353034,0.0032869667525413145,13,1m
55,1789819200000,1789826580000,ANIMEUSDT,LONG,5.056871926986638,1.2493367595039342,0.06317735986487902,0.00404549754158931,0.008671245875949016,0.0002528435963493319,1,1m
56,1789920000000,1789921260000,ADAUSDT,LONG,5.061481673205731,0.34617880434667636,0.017521776738529747,0.004049185338564585,0.009234931789400151,0.00025307408366028654,1,1m
57,1789934400000,1789948920000,ANIMEUSDT,LONG,5.062357762042658,1.2042657871161468,0.060964242549698365,0.004049886209634127,0.014342560571501083,0.0005062357762042659,2,1m
58,1789963200000,1789993260000,ACUUSDT,LONG,5.065405974170143,-0.09816778274813731,-0.004972596732034515,0.004052324779336114,0.01739988436933304,0.0007598108961255215,3,1m
59,1789992000000,1789993740000,1000SHIBUSDT,LONG,5.065405974170143,-0.09974631173003086,-0.0050525556333873576,0.004052324779336114,0.01099087324043774,0.00025327029870850714,1,1m
60,1789992000000,1789993320000,DOGEUSDT,LONG,5.065405974170143,-0.15694686158585414,-0.0079499957030424,0.004052324779336114,0.014418376084035055,0.00025327029870850714,1,1m
61,1790006400000,1790022840000,AIXBTUSDT,LONG,5.063646001551905,-0.2068759576563599,-0.01047546615803848,0.0040509168012415235,0.019690185651745046,0.0005063646001551904,2,1m
62,1790006400000,1790007240000,ARBUSDT,LONG,5.063646001551905,-0.09180438921387359,-0.004648649283677458,0.0040509168012415235,0.02213172275506023,0.0002531823000775952,1,1m
63,1790035200000,1790038560000,AEROUSDT,LONG,5.062889795779818,-0.1032174886491192,-0.005225787700276448,0.004050311836623854,0.015405432696430924,0.0002531444897889909,1,1m
64,1790121600000,1790121720000,ARBUSDT,LONG,5.062628506394804,0.8122836333089722,0.04112290277267947,0.004050102805115844,0.0142844491670097,0.00025313142531974023,1,1m
65,1790121600000,1790121780000,OPUSDT,LONG,5.062628506394804,-0.007350977588800721,-0.00037215268690931876,0.004050102805115844,0.023712832118758992,0.00025313142531974023,1,1m
66,1790136000000,1790138160000,AEROUSDT,LONG,5.064666043899093,0.01302814083026516,0.0006598318247817928,0.004051732835119275,0.010012626437917095,0.00025323330219495467,1,1m
67,1790164800000,1790168760000,ACUUSDT,LONG,5.064699035490332,0.3418965648212511,0.01731603202087648,0.004051759228392265,0.017521544351764923,0.0002532349517745166,1,1m
68,1790179200000,1790179260000,ACHUSDT,SHORT,5.065564837091376,-0.21355003422208313,-0.010817515443150443,0.004052451869673101,0.04705189272176235,0.0002532782418545688,1,1m
69,1790265600000,1790266740000,AEROUSDT,LONG,5.065023961319218,-0.218909331939674,-0.011087810116308312,0.004052019169055374,0.02231539366232953,0.0002532511980659609,1,1m
70,1790265600000,1790266560000,INJUSDT,LONG,5.065023961319218,-0.08510502492981793,-0.004310589904981972,0.004052019169055374,0.015204581395889514,0.0002532511980659609,1,1m
71,1790265600000,1790266500000,OPUSDT,LONG,5.065023961319218,0.22172927847392004,0.011230641083964264,0.004052019169055374,0.02926947279471552,0.0002532511980659609,1,1m
72,1790280000000,1790280660000,ACHUSDT,LONG,5.0648155733723526,1.380226855756563,0.06990594473822595,0.0040518524586978825,0.012774857401406079,0.00025324077866861766,1,1m
73,1790323200000,1790323200000,OPUSDT,LONG,5.068310870609263,0.7812158762497211,0.039594449178890025,0.00405464869648741,0.01653336915191424,0.00025341554353046315,1,4h
