symbol,first_timestamp,first_utc,last_timestamp,last_utc,bar_count,duration_days,expected_bar_count,missing_bars,duplicate_bars,continuity_coverage_pct,symbol_signal_count,covered_signals_count,signal_coverage_pct,covers_entire_signal_history
0GUSDT,1789423260000,2026-09-14 22:01:00 UTC,1790323200000,2026-09-25 08:00:00 UTC,15000,10.42,15000,0,0,100.0,41,2,4.88,False
1000BONKUSDT,1789423260000,2026-09-14 22:01:00 UTC,1790323200000,2026-09-25 08:00:00 UTC,15000,10.42,15000,0,0,100.0,26,2,7.69,False
1000PEPEUSDT,1789423260000,2026-09-14 22:01:00 UTC,1790323200000,2026-09-25 08:00:00 UTC,15000,10.42,15000,0,0,100.0,28,1,3.57,False
1000SHIBUSDT,1789423260000,2026-09-14 22:01:00 UTC,1790323200000,2026-09-25 08:00:00 UTC,15000,10.42,15000,0,0,100.0,30,2,6.67,False
1INCHUSDT,1789423260000,2026-09-14 22:01:00 UTC,1790323200000,2026-09-25 08:00:00 UTC,15000,10.42,15000,0,0,100.0,28,1,3.57,False
ACHUSDT,1789423260000,2026-09-14 22:01:00 UTC,1790323200000,2026-09-25 08:00:00 UTC,15000,10.42,15000,0,0,100.0,36,4,11.11,False
ACUUSDT,1789423260000,2026-09-14 22:01:00 UTC,1790323200000,2026-09-25 08:00:00 UTC,15000,10.42,15000,0,0,100.0,41,4,9.76,False
ADAUSDT,1789423260000,2026-09-14 22:01:00 UTC,1790323200000,2026-09-25 08:00:00 UTC,15000,10.42,15000,0,0,100.0,26,3,11.54,False
AEROUSDT,1789423260000,2026-09-14 22:01:00 UTC,1790323200000,2026-09-25 08:00:00 UTC,15000,10.42,15000,0,0,100.0,40,5,12.5,False
AEVOUSDT,1789423260000,2026-09-14 22:01:00 UTC,1790323200000,2026-09-25 08:00:00 UTC,15000,10.42,15000,0,0,100.0,34,2,5.88,False
AGLDUSDT,1789693260000,2026-09-18 01:01:00 UTC,1790323200000,2026-09-25 08:00:00 UTC,10500,7.29,10500,0,0,100.0,39,0,0.0,False
AIXBTUSDT,1789423260000,2026-09-14 22:01:00 UTC,1790323200000,2026-09-25 08:00:00 UTC,15000,10.42,15000,0,0,100.0,41,2,4.88,False
AKTUSDT,1789423260000,2026-09-14 22:01:00 UTC,1790323200000,2026-09-25 08:00:00 UTC,15000,10.42,15000,0,0,100.0,27,1,3.7,False
ANIMEUSDT,1789423260000,2026-09-14 22:01:00 UTC,1790323200000,2026-09-25 08:00:00 UTC,15000,10.42,15000,0,0,100.0,31,5,16.13,False
APTUSDT,1789423260000,2026-09-14 22:01:00 UTC,1790323200000,2026-09-25 08:00:00 UTC,15000,10.42,15000,0,0,100.0,27,0,0.0,False
ARBUSDT,1789423260000,2026-09-14 22:01:00 UTC,1790323200000,2026-09-25 08:00:00 UTC,15000,10.42,15000,0,0,100.0,26,3,11.54,False
AVAXUSDT,1789423260000,2026-09-14 22:01:00 UTC,1790323200000,2026-09-25 08:00:00 UTC,15000,10.42,15000,0,0,100.0,30,3,10.0,False
BNBUSDT,1789423260000,2026-09-14 22:01:00 UTC,1790323200000,2026-09-25 08:00:00 UTC,15000,10.42,15000,0,0,100.0,28,2,7.14,False
BTCUSDT,1789423260000,2026-09-14 22:01:00 UTC,1790323200000,2026-09-25 08:00:00 UTC,15000,10.42,15000,0,0,100.0,38,2,5.26,False
DOGEUSDT,1789423260000,2026-09-14 22:01:00 UTC,1790323200000,2026-09-25 08:00:00 UTC,15000,10.42,15000,0,0,100.0,30,2,6.67,False
ESPUSDT,1789423260000,2026-09-14 22:01:00 UTC,1790323200000,2026-09-25 08:00:00 UTC,15000,10.42,15000,0,0,100.0,47,2,4.26,False
ETHUSDT,1789423260000,2026-09-14 22:01:00 UTC,1790323200000,2026-09-25 08:00:00 UTC,15000,10.42,15000,0,0,100.0,338,1,0.3,False
FETUSDT,1789423260000,2026-09-14 22:01:00 UTC,1790323200000,2026-09-25 08:00:00 UTC,15000,10.42,15000,0,0,100.0,30,1,3.33,False
INJUSDT,1789423260000,2026-09-14 22:01:00 UTC,1790323200000,2026-09-25 08:00:00 UTC,15000,10.42,15000,0,0,100.0,30,3,10.0,False
LINKUSDT,1789423260000,2026-09-14 22:01:00 UTC,1790323200000,2026-09-25 08:00:00 UTC,15000,10.42,15000,0,0,100.0,29,2,6.9,False
NEARUSDT,1789423260000,2026-09-14 22:01:00 UTC,1790323200000,2026-09-25 08:00:00 UTC,15000,10.42,15000,0,0,100.0,30,1,3.33,False
OPUSDT,1789423260000,2026-09-14 22:01:00 UTC,1790323200000,2026-09-25 08:00:00 UTC,15000,10.42,15000,0,0,100.0,48,5,10.42,False
RENDERUSDT,1789423260000,2026-09-14 22:01:00 UTC,1790323200000,2026-09-25 08:00:00 UTC,15000,10.42,15000,0,0,100.0,27,2,7.41,False
SEIUSDT,1789423260000,2026-09-14 22:01:00 UTC,1790323200000,2026-09-25 08:00:00 UTC,15000,10.42,15000,0,0,100.0,27,1,3.7,False
SOLUSDT,1789423260000,2026-09-14 22:01:00 UTC,1790323200000,2026-09-25 08:00:00 UTC,15000,10.42,15000,0,0,100.0,331,2,0.6,False
SUIUSDT,1789423260000,2026-09-14 22:01:00 UTC,1790323200000,2026-09-25 08:00:00 UTC,15000,10.42,15000,0,0,100.0,30,2,6.67,False
TAOUSDT,1789423260000,2026-09-14 22:01:00 UTC,1790323200000,2026-09-25 08:00:00 UTC,15000,10.42,15000,0,0,100.0,25,2,8.0,False
TIAUSDT,1789423260000,2026-09-14 22:01:00 UTC,1790323200000,2026-09-25 08:00:00 UTC,15000,10.42,15000,0,0,100.0,27,2,7.41,False
WIFUSDT,1789423260000,2026-09-14 22:01:00 UTC,1790323200000,2026-09-25 08:00:00 UTC,15000,10.42,15000,0,0,100.0,40,1,2.5,False
XRPUSDT,1789423260000,2026-09-14 22:01:00 UTC,1790323200000,2026-09-25 08:00:00 UTC,15000,10.42,15000,0,0,100.0,26,1,3.85,False
