month,total_signals,1m_covered_signals,coverage_pct,temporal_status
2022-03,9,0,0.0,4H_ONLY
2022-04,19,0,0.0,4H_ONLY
2022-05,13,0,0.0,4H_ONLY
2022-06,13,0,0.0,4H_ONLY
2022-07,10,0,0.0,4H_ONLY
2022-08,17,0,0.0,4H_ONLY
2022-09,20,0,0.0,4H_ONLY
2022-10,6,0,0.0,4H_ONLY
2022-11,6,0,0.0,4H_ONLY
2022-12,9,0,0.0,4H_ONLY
2023-01,5,0,0.0,4H_ONLY
2023-02,12,0,0.0,4H_ONLY
2023-03,7,0,0.0,4H_ONLY
2023-04,11,0,0.0,4H_ONLY
2023-05,11,0,0.0,4H_ONLY
2023-06,14,0,0.0,4H_ONLY
2023-07,12,0,0.0,4H_ONLY
2023-08,14,0,0.0,4H_ONLY
2023-09,16,0,0.0,4H_ONLY
2023-10,6,0,0.0,4H_ONLY
2023-11,13,0,0.0,4H_ONLY
2023-12,9,0,0.0,4H_ONLY
2024-01,23,0,0.0,4H_ONLY
2024-02,10,0,0.0,4H_ONLY
2024-03,15,0,0.0,4H_ONLY
2024-04,16,0,0.0,4H_ONLY
2024-05,8,0,0.0,4H_ONLY
2024-06,15,0,0.0,4H_ONLY
2024-07,11,0,0.0,4H_ONLY
2024-08,12,0,0.0,4H_ONLY
2024-09,16,0,0.0,4H_ONLY
2024-10,10,0,0.0,4H_ONLY
2024-11,7,0,0.0,4H_ONLY
2024-12,13,0,0.0,4H_ONLY
2025-01,20,0,0.0,4H_ONLY
2025-02,10,0,0.0,4H_ONLY
2025-03,13,0,0.0,4H_ONLY
2025-04,9,0,0.0,4H_ONLY
2025-05,13,0,0.0,4H_ONLY
2025-06,14,0,0.0,4H_ONLY
2025-07,13,0,0.0,4H_ONLY
2025-08,18,0,0.0,4H_ONLY
2025-09,18,0,0.0,4H_ONLY
2025-10,7,0,0.0,4H_ONLY
2025-11,16,0,0.0,4H_ONLY
2025-12,13,0,0.0,4H_ONLY
2026-01,9,0,0.0,4H_ONLY
2026-02,10,0,0.0,4H_ONLY
2026-03,15,0,0.0,4H_ONLY
2026-04,612,0,0.0,4H_ONLY
2026-05,3224,0,0.0,4H_ONLY
2026-06,3192,0,0.0,4H_ONLY
2026-07,2938,0,0.0,4H_ONLY
2026-08,2532,0,0.0,4H_ONLY
2026-09,2330,73,3.13,COVERED
