symbol,4H_open_timestamp,4H_open_utc,4H_close_timestamp,4H_close_utc,first_1m_timestamp,last_1m_timestamp,expected_1m_bars,actual_1m_bars,alignment_valid
BTCUSDT,1790136000000,2026-09-23 04:00:00 UTC,1790150399999,2026-09-23 07:59:59 UTC,1790136000000,1790150340000,240,240,True
BTCUSDT,1790150400000,2026-09-23 08:00:00 UTC,1790164799999,2026-09-23 11:59:59 UTC,1790150400000,1790164740000,240,240,True
BTCUSDT,1790164800000,2026-09-23 12:00:00 UTC,1790179199999,2026-09-23 15:59:59 UTC,1790164800000,1790179140000,240,240,True
BTCUSDT,1790179200000,2026-09-23 16:00:00 UTC,1790193599999,2026-09-23 19:59:59 UTC,1790179200000,1790193540000,240,240,True
BTCUSDT,1790193600000,2026-09-23 20:00:00 UTC,1790207999999,2026-09-23 23:59:59 UTC,1790193600000,1790207940000,240,240,True
BTCUSDT,1790208000000,2026-09-24 00:00:00 UTC,1790222399999,2026-09-24 03:59:59 UTC,1790208000000,1790222340000,240,240,True
BTCUSDT,1790222400000,2026-09-24 04:00:00 UTC,1790236799999,2026-09-24 07:59:59 UTC,1790222400000,1790236740000,240,240,True
BTCUSDT,1790236800000,2026-09-24 08:00:00 UTC,1790251199999,2026-09-24 11:59:59 UTC,1790236800000,1790251140000,240,240,True
BTCUSDT,1790251200000,2026-09-24 12:00:00 UTC,1790265599999,2026-09-24 15:59:59 UTC,1790251200000,1790265540000,240,240,True
BTCUSDT,1790265600000,2026-09-24 16:00:00 UTC,1790279999999,2026-09-24 19:59:59 UTC,1790265600000,1790279940000,240,240,True
