signal_id,symbol,signal_timestamp,signal_close_timestamp,latency_target_timestamp,first_usable_1m_bar_timestamp,actual_entry_timestamp,latency_classification,exact_latency_sec
ESPUSDT_1789430400000_SHORT,ESPUSDT,1789430400000,1789444800000,1789444805000,1789444800000,1789444805000,1M_APPROXIMATION (Conservative Adverse Bounds),5.0
WIFUSDT_1789430400000_SHORT,WIFUSDT,1789430400000,1789444800000,1789444805000,1789444800000,1789444805000,1M_APPROXIMATION (Conservative Adverse Bounds),5.0
FETUSDT_1789444800000_SHORT,FETUSDT,1789444800000,1789459200000,1789459205000,1789459200000,1789459205000,1M_APPROXIMATION (Conservative Adverse Bounds),5.0
SEIUSDT_1789444800000_SHORT,SEIUSDT,1789444800000,1789459200000,1789459205000,1789459200000,1789459205000,1M_APPROXIMATION (Conservative Adverse Bounds),5.0
TAOUSDT_1789444800000_SHORT,TAOUSDT,1789444800000,1789459200000,1789459205000,1789459200000,1789459205000,1M_APPROXIMATION (Conservative Adverse Bounds),5.0
TIAUSDT_1789459200000_SHORT,TIAUSDT,1789459200000,1789473600000,1789473605000,1789473600000,1789473605000,1M_APPROXIMATION (Conservative Adverse Bounds),5.0
1INCHUSDT_1789473600000_SHORT,1INCHUSDT,1789473600000,1789488000000,1789488005000,1789488000000,1789488005000,1M_APPROXIMATION (Conservative Adverse Bounds),5.0
AEROUSDT_1789473600000_SHORT,AEROUSDT,1789473600000,1789488000000,1789488005000,1789488000000,1789488005000,1M_APPROXIMATION (Conservative Adverse Bounds),5.0
AKTUSDT_1789473600000_SHORT,AKTUSDT,1789473600000,1789488000000,1789488005000,1789488000000,1789488005000,1M_APPROXIMATION (Conservative Adverse Bounds),5.0
DOGEUSDT_1789473600000_SHORT,DOGEUSDT,1789473600000,1789488000000,1789488005000,1789488000000,1789488005000,1M_APPROXIMATION (Conservative Adverse Bounds),5.0
INJUSDT_1789473600000_SHORT,INJUSDT,1789473600000,1789488000000,1789488005000,1789488000000,1789488005000,1M_APPROXIMATION (Conservative Adverse Bounds),5.0
OPUSDT_1789473600000_LONG,OPUSDT,1789473600000,1789488000000,1789488005000,1789488000000,1789488005000,1M_APPROXIMATION (Conservative Adverse Bounds),5.0
RENDERUSDT_1789473600000_SHORT,RENDERUSDT,1789473600000,1789488000000,1789488005000,1789488000000,1789488005000,1M_APPROXIMATION (Conservative Adverse Bounds),5.0
1000BONKUSDT_1789488000000_SHORT,1000BONKUSDT,1789488000000,1789502400000,1789502405000,1789502400000,1789502405000,1M_APPROXIMATION (Conservative Adverse Bounds),5.0
1000SHIBUSDT_1789488000000_SHORT,1000SHIBUSDT,1789488000000,1789502400000,1789502405000,1789502400000,1789502405000,1M_APPROXIMATION (Conservative Adverse Bounds),5.0
ADAUSDT_1789488000000_SHORT,ADAUSDT,1789488000000,1789502400000,1789502405000,1789502400000,1789502405000,1M_APPROXIMATION (Conservative Adverse Bounds),5.0
AIXBTUSDT_1789488000000_SHORT,AIXBTUSDT,1789488000000,1789502400000,1789502405000,1789502400000,1789502405000,1M_APPROXIMATION (Conservative Adverse Bounds),5.0
BTCUSDT_1789488000000_SHORT,BTCUSDT,1789488000000,1789502400000,1789502405000,1789502400000,1789502405000,1M_APPROXIMATION (Conservative Adverse Bounds),5.0
LINKUSDT_1789488000000_SHORT,LINKUSDT,1789488000000,1789502400000,1789502405000,1789502400000,1789502405000,1M_APPROXIMATION (Conservative Adverse Bounds),5.0
SOLUSDT_1789488000000_SHORT,SOLUSDT,1789488000000,1789502400000,1789502405000,1789502400000,1789502405000,1M_APPROXIMATION (Conservative Adverse Bounds),5.0
SUIUSDT_1789488000000_SHORT,SUIUSDT,1789488000000,1789502400000,1789502405000,1789502400000,1789502405000,1M_APPROXIMATION (Conservative Adverse Bounds),5.0
XRPUSDT_1789488000000_SHORT,XRPUSDT,1789488000000,1789502400000,1789502405000,1789502400000,1789502405000,1M_APPROXIMATION (Conservative Adverse Bounds),5.0
ARBUSDT_1789502400000_LONG,ARBUSDT,1789502400000,1789516800000,1789516805000,1789516800000,1789516805000,1M_APPROXIMATION (Conservative Adverse Bounds),5.0
AEVOUSDT_1789516800000_SHORT,AEVOUSDT,1789516800000,1789531200000,1789531205000,1789531200000,1789531205000,1M_APPROXIMATION (Conservative Adverse Bounds),5.0
ANIMEUSDT_1789531200000_SHORT,ANIMEUSDT,1789531200000,1789545600000,1789545605000,1789545600000,1789545605000,1M_APPROXIMATION (Conservative Adverse Bounds),5.0
AVAXUSDT_1789531200000_SHORT,AVAXUSDT,1789531200000,1789545600000,1789545605000,1789545600000,1789545605000,1M_APPROXIMATION (Conservative Adverse Bounds),5.0
BNBUSDT_1789531200000_SHORT,BNBUSDT,1789531200000,1789545600000,1789545605000,1789545600000,1789545605000,1M_APPROXIMATION (Conservative Adverse Bounds),5.0
ACUUSDT_1789545600000_SHORT,ACUUSDT,1789545600000,1789560000000,1789560005000,1789560000000,1789560005000,1M_APPROXIMATION (Conservative Adverse Bounds),5.0
ACHUSDT_1789560000000_SHORT,ACHUSDT,1789560000000,1789574400000,1789574405000,1789574400000,1789574405000,1M_APPROXIMATION (Conservative Adverse Bounds),5.0
ANIMEUSDT_1789560000000_SHORT,ANIMEUSDT,1789560000000,1789574400000,1789574405000,1789574400000,1789574405000,1M_APPROXIMATION (Conservative Adverse Bounds),5.0
AVAXUSDT_1789560000000_SHORT,AVAXUSDT,1789560000000,1789574400000,1789574405000,1789574400000,1789574405000,1M_APPROXIMATION (Conservative Adverse Bounds),5.0
NEARUSDT_1789588800000_LONG,NEARUSDT,1789588800000,1789603200000,1789603205000,1789603200000,1789603205000,1M_APPROXIMATION (Conservative Adverse Bounds),5.0
0GUSDT_1789646400000_LONG,0GUSDT,1789646400000,1789660800000,1789660805000,1789660800000,1789660805000,1M_APPROXIMATION (Conservative Adverse Bounds),5.0
1000PEPEUSDT_1789646400000_LONG,1000PEPEUSDT,1789646400000,1789660800000,1789660805000,1789660800000,1789660805000,1M_APPROXIMATION (Conservative Adverse Bounds),5.0
OPUSDT_1789660800000_LONG,OPUSDT,1789660800000,1789675200000,1789675205000,1789675200000,1789675205000,1M_APPROXIMATION (Conservative Adverse Bounds),5.0
0GUSDT_1789675200000_LONG,0GUSDT,1789675200000,1789689600000,1789689605000,1789689600000,1789689605000,1M_APPROXIMATION (Conservative Adverse Bounds),5.0
RENDERUSDT_1789675200000_LONG,RENDERUSDT,1789675200000,1789689600000,1789689605000,1789689600000,1789689605000,1M_APPROXIMATION (Conservative Adverse Bounds),5.0
ACHUSDT_1789689600000_LONG,ACHUSDT,1789689600000,1789704000000,1789704005000,1789704000000,1789704005000,1M_APPROXIMATION (Conservative Adverse Bounds),5.0
AEROUSDT_1789689600000_LONG,AEROUSDT,1789689600000,1789704000000,1789704005000,1789704000000,1789704005000,1M_APPROXIMATION (Conservative Adverse Bounds),5.0
AVAXUSDT_1789689600000_LONG,AVAXUSDT,1789689600000,1789704000000,1789704005000,1789704000000,1789704005000,1M_APPROXIMATION (Conservative Adverse Bounds),5.0
BNBUSDT_1789689600000_LONG,BNBUSDT,1789689600000,1789704000000,1789704005000,1789704000000,1789704005000,1M_APPROXIMATION (Conservative Adverse Bounds),5.0
SUIUSDT_1789689600000_LONG,SUIUSDT,1789689600000,1789704000000,1789704005000,1789704000000,1789704005000,1M_APPROXIMATION (Conservative Adverse Bounds),5.0
TAOUSDT_1789689600000_LONG,TAOUSDT,1789689600000,1789704000000,1789704005000,1789704000000,1789704005000,1M_APPROXIMATION (Conservative Adverse Bounds),5.0
TIAUSDT_1789689600000_LONG,TIAUSDT,1789689600000,1789704000000,1789704005000,1789704000000,1789704005000,1M_APPROXIMATION (Conservative Adverse Bounds),5.0
AEVOUSDT_1789718400000_LONG,AEVOUSDT,1789718400000,1789732800000,1789732805000,1789732800000,1789732805000,1M_APPROXIMATION (Conservative Adverse Bounds),5.0
1000BONKUSDT_1789732800000_LONG,1000BONKUSDT,1789732800000,1789747200000,1789747205000,1789747200000,1789747205000,1M_APPROXIMATION (Conservative Adverse Bounds),5.0
BTCUSDT_1789732800000_LONG,BTCUSDT,1789732800000,1789747200000,1789747205000,1789747200000,1789747205000,1M_APPROXIMATION (Conservative Adverse Bounds),5.0
ETHUSDT_1789732800000_LONG,ETHUSDT,1789732800000,1789747200000,1789747205000,1789747200000,1789747205000,1M_APPROXIMATION (Conservative Adverse Bounds),5.0
SOLUSDT_1789732800000_LONG,SOLUSDT,1789732800000,1789747200000,1789747205000,1789747200000,1789747205000,1M_APPROXIMATION (Conservative Adverse Bounds),5.0
INJUSDT_1789747200000_LONG,INJUSDT,1789747200000,1789761600000,1789761605000,1789761600000,1789761605000,1M_APPROXIMATION (Conservative Adverse Bounds),5.0
ADAUSDT_1789761600000_LONG,ADAUSDT,1789761600000,1789776000000,1789776005000,1789776000000,1789776005000,1M_APPROXIMATION (Conservative Adverse Bounds),5.0
ANIMEUSDT_1789761600000_LONG,ANIMEUSDT,1789761600000,1789776000000,1789776005000,1789776000000,1789776005000,1M_APPROXIMATION (Conservative Adverse Bounds),5.0
LINKUSDT_1789761600000_LONG,LINKUSDT,1789761600000,1789776000000,1789776005000,1789776000000,1789776005000,1M_APPROXIMATION (Conservative Adverse Bounds),5.0
ESPUSDT_1789776000000_LONG,ESPUSDT,1789776000000,1789790400000,1789790405000,1789790400000,1789790405000,1M_APPROXIMATION (Conservative Adverse Bounds),5.0
ACUUSDT_1789804800000_LONG,ACUUSDT,1789804800000,1789819200000,1789819205000,1789819200000,1789819205000,1M_APPROXIMATION (Conservative Adverse Bounds),5.0
ANIMEUSDT_1789804800000_LONG,ANIMEUSDT,1789804800000,1789819200000,1789819205000,1789819200000,1789819205000,1M_APPROXIMATION (Conservative Adverse Bounds),5.0
ADAUSDT_1789905600000_LONG,ADAUSDT,1789905600000,1789920000000,1789920005000,1789920000000,1789920005000,1M_APPROXIMATION (Conservative Adverse Bounds),5.0
ANIMEUSDT_1789920000000_LONG,ANIMEUSDT,1789920000000,1789934400000,1789934405000,1789934400000,1789934405000,1M_APPROXIMATION (Conservative Adverse Bounds),5.0
ACUUSDT_1789948800000_LONG,ACUUSDT,1789948800000,1789963200000,1789963205000,1789963200000,1789963205000,1M_APPROXIMATION (Conservative Adverse Bounds),5.0
1000SHIBUSDT_1789977600000_LONG,1000SHIBUSDT,1789977600000,1789992000000,1789992005000,1789992000000,1789992005000,1M_APPROXIMATION (Conservative Adverse Bounds),5.0
DOGEUSDT_1789977600000_LONG,DOGEUSDT,1789977600000,1789992000000,1789992005000,1789992000000,1789992005000,1M_APPROXIMATION (Conservative Adverse Bounds),5.0
AIXBTUSDT_1789992000000_LONG,AIXBTUSDT,1789992000000,1790006400000,1790006405000,1790006400000,1790006405000,1M_APPROXIMATION (Conservative Adverse Bounds),5.0
ARBUSDT_1789992000000_LONG,ARBUSDT,1789992000000,1790006400000,1790006405000,1790006400000,1790006405000,1M_APPROXIMATION (Conservative Adverse Bounds),5.0
AEROUSDT_1790020800000_LONG,AEROUSDT,1790020800000,1790035200000,1790035205000,1790035200000,1790035205000,1M_APPROXIMATION (Conservative Adverse Bounds),5.0
ARBUSDT_1790107200000_LONG,ARBUSDT,1790107200000,1790121600000,1790121605000,1790121600000,1790121605000,1M_APPROXIMATION (Conservative Adverse Bounds),5.0
OPUSDT_1790107200000_LONG,OPUSDT,1790107200000,1790121600000,1790121605000,1790121600000,1790121605000,1M_APPROXIMATION (Conservative Adverse Bounds),5.0
AEROUSDT_1790121600000_LONG,AEROUSDT,1790121600000,1790136000000,1790136005000,1790136000000,1790136005000,1M_APPROXIMATION (Conservative Adverse Bounds),5.0
ACUUSDT_1790150400000_LONG,ACUUSDT,1790150400000,1790164800000,1790164805000,1790164800000,1790164805000,1M_APPROXIMATION (Conservative Adverse Bounds),5.0
ACHUSDT_1790164800000_SHORT,ACHUSDT,1790164800000,1790179200000,1790179205000,1790179200000,1790179205000,1M_APPROXIMATION (Conservative Adverse Bounds),5.0
AEROUSDT_1790251200000_LONG,AEROUSDT,1790251200000,1790265600000,1790265605000,1790265600000,1790265605000,1M_APPROXIMATION (Conservative Adverse Bounds),5.0
INJUSDT_1790251200000_LONG,INJUSDT,1790251200000,1790265600000,1790265605000,1790265600000,1790265605000,1M_APPROXIMATION (Conservative Adverse Bounds),5.0
OPUSDT_1790251200000_LONG,OPUSDT,1790251200000,1790265600000,1790265605000,1790265600000,1790265605000,1M_APPROXIMATION (Conservative Adverse Bounds),5.0
ACHUSDT_1790265600000_LONG,ACHUSDT,1790265600000,1790280000000,1790280005000,1790280000000,1790280005000,1M_APPROXIMATION (Conservative Adverse Bounds),5.0
