trade_id,symbol,signal_ts,entry_ts,exit_ts,max_data_ts_used,lookahead_detected
ESPUSDT_1789430400000_SHORT,ESPUSDT,1789430400000,1789444800000,1789462260000,1789462260000,False
WIFUSDT_1789430400000_SHORT,WIFUSDT,1789430400000,1789444800000,1789456680000,1789456680000,False
FETUSDT_1789444800000_SHORT,FETUSDT,1789444800000,1789459200000,1789474800000,1789474800000,False
SEIUSDT_1789444800000_SHORT,SEIUSDT,1789444800000,1789459200000,1789473840000,1789473840000,False
TAOUSDT_1789444800000_SHORT,TAOUSDT,1789444800000,1789459200000,1789459980000,1789459980000,False
TIAUSDT_1789459200000_SHORT,TIAUSDT,1789459200000,1789473600000,1789484040000,1789484040000,False
1INCHUSDT_1789473600000_SHORT,1INCHUSDT,1789473600000,1789488000000,1789489260000,1789489260000,False
AEROUSDT_1789473600000_SHORT,AEROUSDT,1789473600000,1789488000000,1789497420000,1789497420000,False
AKTUSDT_1789473600000_SHORT,AKTUSDT,1789473600000,1789488000000,1789493640000,1789493640000,False
DOGEUSDT_1789473600000_SHORT,DOGEUSDT,1789473600000,1789488000000,1789497420000,1789497420000,False
INJUSDT_1789473600000_SHORT,INJUSDT,1789473600000,1789488000000,1789489740000,1789489740000,False
OPUSDT_1789473600000_LONG,OPUSDT,1789473600000,1789488000000,1789491480000,1789491480000,False
RENDERUSDT_1789473600000_SHORT,RENDERUSDT,1789473600000,1789488000000,1789496940000,1789496940000,False
1000BONKUSDT_1789488000000_SHORT,1000BONKUSDT,1789488000000,1789502400000,1789505160000,1789505160000,False
1000SHIBUSDT_1789488000000_SHORT,1000SHIBUSDT,1789488000000,1789502400000,1789503900000,1789503900000,False
ADAUSDT_1789488000000_SHORT,ADAUSDT,1789488000000,1789502400000,1789504620000,1789504620000,False
AIXBTUSDT_1789488000000_SHORT,AIXBTUSDT,1789488000000,1789502400000,1789504680000,1789504680000,False
BTCUSDT_1789488000000_SHORT,BTCUSDT,1789488000000,1789502400000,1789504260000,1789504260000,False
LINKUSDT_1789488000000_SHORT,LINKUSDT,1789488000000,1789502400000,1789504560000,1789504560000,False
SOLUSDT_1789488000000_SHORT,SOLUSDT,1789488000000,1789502400000,1789504680000,1789504680000,False
SUIUSDT_1789488000000_SHORT,SUIUSDT,1789488000000,1789502400000,1789504560000,1789504560000,False
XRPUSDT_1789488000000_SHORT,XRPUSDT,1789488000000,1789502400000,1789503360000,1789503360000,False
ARBUSDT_1789502400000_LONG,ARBUSDT,1789502400000,1789516800000,1789517100000,1789517100000,False
AEVOUSDT_1789516800000_SHORT,AEVOUSDT,1789516800000,1789531200000,1789549560000,1789549560000,False
ANIMEUSDT_1789531200000_SHORT,ANIMEUSDT,1789531200000,1789545600000,1789581480000,1789581480000,False
AVAXUSDT_1789531200000_SHORT,AVAXUSDT,1789531200000,1789545600000,1789546560000,1789546560000,False
BNBUSDT_1789531200000_SHORT,BNBUSDT,1789531200000,1789545600000,1789547880000,1789547880000,False
ACUUSDT_1789545600000_SHORT,ACUUSDT,1789545600000,1789560000000,1789565160000,1789565160000,False
ACHUSDT_1789560000000_SHORT,ACHUSDT,1789560000000,1789574400000,1789580100000,1789580100000,False
ANIMEUSDT_1789560000000_SHORT,ANIMEUSDT,1789560000000,1789574400000,1789581480000,1789581480000,False
AVAXUSDT_1789560000000_SHORT,AVAXUSDT,1789560000000,1789574400000,1789581240000,1789581240000,False
NEARUSDT_1789588800000_LONG,NEARUSDT,1789588800000,1789603200000,1789603920000,1789603920000,False
0GUSDT_1789646400000_LONG,0GUSDT,1789646400000,1789660800000,1789696140000,1789696140000,False
1000PEPEUSDT_1789646400000_LONG,1000PEPEUSDT,1789646400000,1789660800000,1789701780000,1789701780000,False
OPUSDT_1789660800000_LONG,OPUSDT,1789660800000,1789675200000,1789696980000,1789696980000,False
0GUSDT_1789675200000_LONG,0GUSDT,1789675200000,1789689600000,1789701060000,1789701060000,False
RENDERUSDT_1789675200000_LONG,RENDERUSDT,1789675200000,1789689600000,1789693380000,1789693380000,False
ACHUSDT_1789689600000_LONG,ACHUSDT,1789689600000,1789704000000,1789739640000,1789739640000,False
AEROUSDT_1789689600000_LONG,AEROUSDT,1789689600000,1789704000000,1789710300000,1789710300000,False
AVAXUSDT_1789689600000_LONG,AVAXUSDT,1789689600000,1789704000000,1789727580000,1789727580000,False
BNBUSDT_1789689600000_LONG,BNBUSDT,1789689600000,1789704000000,1789708800000,1789708800000,False
SUIUSDT_1789689600000_LONG,SUIUSDT,1789689600000,1789704000000,1789728420000,1789728420000,False
TAOUSDT_1789689600000_LONG,TAOUSDT,1789689600000,1789704000000,1789707720000,1789707720000,False
TIAUSDT_1789689600000_LONG,TIAUSDT,1789689600000,1789704000000,1789704360000,1789704360000,False
AEVOUSDT_1789718400000_LONG,AEVOUSDT,1789718400000,1789732800000,1789735680000,1789735680000,False
1000BONKUSDT_1789732800000_LONG,1000BONKUSDT,1789732800000,1789747200000,1789756200000,1789756200000,False
BTCUSDT_1789732800000_LONG,BTCUSDT,1789732800000,1789747200000,1789748760000,1789748760000,False
ETHUSDT_1789732800000_LONG,ETHUSDT,1789732800000,1789747200000,1789747680000,1789747680000,False
SOLUSDT_1789732800000_LONG,SOLUSDT,1789732800000,1789747200000,1789748640000,1789748640000,False
INJUSDT_1789747200000_LONG,INJUSDT,1789747200000,1789761600000,1789765620000,1789765620000,False
ADAUSDT_1789761600000_LONG,ADAUSDT,1789761600000,1789776000000,1789777020000,1789777020000,False
ANIMEUSDT_1789761600000_LONG,ANIMEUSDT,1789761600000,1789776000000,1789826580000,1789826580000,False
LINKUSDT_1789761600000_LONG,LINKUSDT,1789761600000,1789776000000,1789779780000,1789779780000,False
ESPUSDT_1789776000000_LONG,ESPUSDT,1789776000000,1789790400000,1789795800000,1789795800000,False
ACUUSDT_1789804800000_LONG,ACUUSDT,1789804800000,1789819200000,1789993860000,1789993860000,False
ANIMEUSDT_1789804800000_LONG,ANIMEUSDT,1789804800000,1789819200000,1789826580000,1789826580000,False
ADAUSDT_1789905600000_LONG,ADAUSDT,1789905600000,1789920000000,1789921260000,1789921260000,False
ANIMEUSDT_1789920000000_LONG,ANIMEUSDT,1789920000000,1789934400000,1789948920000,1789948920000,False
ACUUSDT_1789948800000_LONG,ACUUSDT,1789948800000,1789963200000,1789993260000,1789993260000,False
1000SHIBUSDT_1789977600000_LONG,1000SHIBUSDT,1789977600000,1789992000000,1789993740000,1789993740000,False
DOGEUSDT_1789977600000_LONG,DOGEUSDT,1789977600000,1789992000000,1789993320000,1789993320000,False
AIXBTUSDT_1789992000000_LONG,AIXBTUSDT,1789992000000,1790006400000,1790022840000,1790022840000,False
ARBUSDT_1789992000000_LONG,ARBUSDT,1789992000000,1790006400000,1790007240000,1790007240000,False
AEROUSDT_1790020800000_LONG,AEROUSDT,1790020800000,1790035200000,1790038560000,1790038560000,False
ARBUSDT_1790107200000_LONG,ARBUSDT,1790107200000,1790121600000,1790121720000,1790121720000,False
OPUSDT_1790107200000_LONG,OPUSDT,1790107200000,1790121600000,1790121780000,1790121780000,False
AEROUSDT_1790121600000_LONG,AEROUSDT,1790121600000,1790136000000,1790138160000,1790138160000,False
ACUUSDT_1790150400000_LONG,ACUUSDT,1790150400000,1790164800000,1790168760000,1790168760000,False
ACHUSDT_1790164800000_SHORT,ACHUSDT,1790164800000,1790179200000,1790179260000,1790179260000,False
AEROUSDT_1790251200000_LONG,AEROUSDT,1790251200000,1790265600000,1790266740000,1790266740000,False
INJUSDT_1790251200000_LONG,INJUSDT,1790251200000,1790265600000,1790266560000,1790266560000,False
OPUSDT_1790251200000_LONG,OPUSDT,1790251200000,1790265600000,1790266500000,1790266500000,False
ACHUSDT_1790265600000_LONG,ACHUSDT,1790265600000,1790280000000,1790280660000,1790280660000,False
