activation_atr,trailing_distance_atr,point_pf,point_wr_pct,neighbor_avg_pf,neighbor_avg_wr_pct,classification
0.25,0.25,2.88,87.7,1.54,76.6,ISOLATED_OR_FRAGILE
0.25,0.5,1.87,64.7,1.48,72.8,ISOLATED_OR_FRAGILE
0.25,0.75,1.27,51.9,1.39,68.5,ISOLATED_OR_FRAGILE
0.25,1.0,0.96,44.6,1.1,59.6,ISOLATED_OR_FRAGILE
0.25,1.25,0.8,40.6,0.97,54.8,ISOLATED_OR_FRAGILE
0.25,1.5,0.74,38.8,0.85,48.2,ISOLATED_OR_FRAGILE
0.25,2.0,0.71,37.5,0.75,42.5,ISOLATED_OR_FRAGILE
0.25,2.5,0.7,37.2,0.74,40.8,ISOLATED_OR_FRAGILE
0.25,3.0,0.74,38.2,0.74,40.3,ISOLATED_OR_FRAGILE
0.5,0.25,2.01,91.3,1.56,78.2,ISOLATED_OR_FRAGILE
0.5,0.5,1.57,84.1,1.44,74.0,ISOLATED_OR_FRAGILE
0.5,0.75,1.22,65.3,1.34,70.5,ISOLATED_OR_FRAGILE
0.5,1.0,0.99,54.6,1.09,62.8,ISOLATED_OR_FRAGILE
0.5,1.25,0.84,48.2,0.97,58.6,ISOLATED_OR_FRAGILE
0.5,1.5,0.78,44.7,0.86,51.6,ISOLATED_OR_FRAGILE
0.5,2.0,0.74,41.2,0.76,44.4,ISOLATED_OR_FRAGILE
0.5,2.5,0.72,39.9,0.75,42.0,ISOLATED_OR_FRAGILE
0.5,3.0,0.75,40.0,0.75,41.4,ISOLATED_OR_FRAGILE
0.75,0.25,1.72,87.3,1.53,78.9,ISOLATED_OR_FRAGILE
0.75,0.5,1.43,87.2,1.41,75.1,ISOLATED_OR_FRAGILE
0.75,0.75,1.19,81.2,1.31,71.6,ISOLATED_OR_FRAGILE
0.75,1.0,1.02,66.0,1.08,65.1,STABLE_PLATEAU
0.75,1.25,0.89,56.6,0.98,61.6,ISOLATED_OR_FRAGILE
0.75,1.5,0.82,50.9,0.87,54.8,ISOLATED_OR_FRAGILE
0.75,2.0,0.76,44.9,0.78,46.6,ISOLATED_OR_FRAGILE
0.75,2.5,0.75,42.6,0.76,43.4,ISOLATED_OR_FRAGILE
0.75,3.0,0.77,42.0,0.76,42.4,ISOLATED_OR_FRAGILE
1.0,0.25,1.56,83.5,1.38,81.0,STABLE_PLATEAU
1.0,0.5,1.34,83.5,1.3,78.3,ISOLATED_OR_FRAGILE
1.0,0.75,1.16,83.4,1.22,75.4,ISOLATED_OR_FRAGILE
1.0,1.0,1.02,78.0,1.06,70.3,ISOLATED_OR_FRAGILE
1.0,1.25,0.91,65.5,0.99,67.8,ISOLATED_OR_FRAGILE
1.0,1.5,0.85,57.6,0.89,60.9,ISOLATED_OR_FRAGILE
1.0,2.0,0.79,49.1,0.8,51.1,ISOLATED_OR_FRAGILE
1.0,2.5,0.77,45.5,0.78,46.4,ISOLATED_OR_FRAGILE
1.0,3.0,0.79,44.1,0.78,44.9,ISOLATED_OR_FRAGILE
1.25,0.25,1.47,80.1,1.33,81.5,STABLE_PLATEAU
1.25,0.5,1.3,80.1,1.26,79.8,STABLE_PLATEAU
1.25,0.75,1.15,80.1,1.19,77.4,STABLE_PLATEAU
1.25,1.0,1.03,79.9,1.06,73.1,ISOLATED_OR_FRAGILE
1.25,1.25,0.94,75.1,0.99,71.1,ISOLATED_OR_FRAGILE
1.25,1.5,0.88,64.9,0.9,64.0,ISOLATED_OR_FRAGILE
1.25,2.0,0.82,53.6,0.81,53.2,ISOLATED_OR_FRAGILE
1.25,2.5,0.79,48.4,0.79,47.7,ISOLATED_OR_FRAGILE
1.25,3.0,0.8,46.1,0.79,46.0,ISOLATED_OR_FRAGILE
1.5,0.25,1.39,76.6,1.27,77.9,STABLE_PLATEAU
1.5,0.5,1.24,76.6,1.22,77.5,STABLE_PLATEAU
1.5,0.75,1.12,76.6,1.16,76.4,STABLE_PLATEAU
1.5,1.0,1.02,76.6,1.05,74.0,STABLE_PLATEAU
1.5,1.25,0.94,76.5,1.0,73.0,ISOLATED_OR_FRAGILE
1.5,1.5,0.89,72.2,0.92,67.7,ISOLATED_OR_FRAGILE
1.5,2.0,0.83,57.9,0.84,58.1,ISOLATED_OR_FRAGILE
1.5,2.5,0.81,51.3,0.81,51.8,ISOLATED_OR_FRAGILE
1.5,3.0,0.82,48.1,0.81,49.3,ISOLATED_OR_FRAGILE
2.0,0.25,1.32,71.1,1.2,71.4,STABLE_PLATEAU
2.0,0.5,1.21,71.1,1.16,71.4,STABLE_PLATEAU
2.0,0.75,1.11,71.1,1.13,71.3,STABLE_PLATEAU
2.0,1.0,1.03,71.1,1.05,71.0,STABLE_PLATEAU
2.0,1.25,0.97,71.1,1.01,70.9,ISOLATED_OR_FRAGILE
2.0,1.5,0.92,71.1,0.94,68.9,ISOLATED_OR_FRAGILE
2.0,2.0,0.86,67.6,0.87,63.3,ISOLATED_OR_FRAGILE
2.0,2.5,0.84,57.3,0.85,58.0,ISOLATED_OR_FRAGILE
2.0,3.0,0.84,52.4,0.84,55.5,ISOLATED_OR_FRAGILE
2.5,0.25,1.26,66.3,1.18,66.8,STABLE_PLATEAU
2.5,0.5,1.18,66.3,1.15,66.8,STABLE_PLATEAU
2.5,0.75,1.1,66.3,1.12,66.8,STABLE_PLATEAU
2.5,1.0,1.03,66.3,1.05,66.8,STABLE_PLATEAU
2.5,1.25,0.98,66.3,1.02,66.8,ISOLATED_OR_FRAGILE
2.5,1.5,0.94,66.3,0.97,66.5,ISOLATED_OR_FRAGILE
2.5,2.0,0.89,66.3,0.9,64.3,ISOLATED_OR_FRAGILE
2.5,2.5,0.86,63.9,0.87,60.9,ISOLATED_OR_FRAGILE
2.5,3.0,0.86,56.9,0.86,59.4,ISOLATED_OR_FRAGILE
3.0,0.25,1.24,62.8,1.16,64.9,STABLE_PLATEAU
3.0,0.5,1.17,62.8,1.14,64.8,STABLE_PLATEAU
3.0,0.75,1.11,62.8,1.11,64.7,STABLE_PLATEAU
3.0,1.0,1.05,62.8,1.05,64.7,STABLE_PLATEAU
3.0,1.25,1.01,62.8,1.03,64.8,STABLE_PLATEAU
3.0,1.5,0.97,62.8,0.97,64.8,ISOLATED_OR_FRAGILE
3.0,2.0,0.92,62.8,0.91,64.4,ISOLATED_OR_FRAGILE
3.0,2.5,0.89,62.7,0.88,62.2,ISOLATED_OR_FRAGILE
3.0,3.0,0.89,60.9,0.87,61.2,ISOLATED_OR_FRAGILE
