partial_tp_activation_atr,partial_exit_share,remaining_share,win_rate_pct,profit_factor,mean_return_pct,median_return_pct,total_pnl_pct,max_drawdown_pts
0.5,0.25,0.75,83.8,1.06,0.18,1.64,2702.5,4012.42
0.5,0.33,0.67,83.9,1.05,0.14,1.63,2209.8,3890.43
0.5,0.5,0.5,84.2,1.03,0.08,1.61,1162.9,3658.4
0.5,0.67,0.33,84.8,1.0,0.01,1.56,116.0,3432.16
0.5,0.75,0.25,85.2,0.99,-0.02,1.54,-376.7,3339.3
0.75,0.25,0.75,83.8,1.06,0.18,1.85,2715.5,4251.2
0.75,0.33,0.67,83.9,1.05,0.14,1.91,2227.0,4207.64
0.75,0.5,0.5,84.1,1.03,0.08,2.0,1188.9,4147.8
0.75,0.67,0.33,84.4,1.0,0.01,2.08,150.9,4100.32
0.75,0.75,0.25,84.9,0.99,-0.02,2.11,-337.6,4094.29
1.0,0.25,0.75,83.7,1.05,0.16,2.06,2395.6,4456.29
1.0,0.33,0.67,83.7,1.04,0.12,2.17,1804.8,4476.35
1.0,0.5,0.5,83.7,1.01,0.04,2.39,549.2,4534.71
1.0,0.67,0.33,83.7,0.99,-0.05,2.59,-706.4,4606.42
1.0,0.75,0.25,83.7,0.97,-0.08,2.67,-1297.2,4640.16
1.25,0.25,0.75,81.1,1.06,0.18,2.16,2743.0,4471.13
1.25,0.33,0.67,81.1,1.05,0.15,2.31,2263.2,4495.93
1.25,0.5,0.5,81.1,1.03,0.08,2.58,1243.8,4549.73
1.25,0.67,0.33,81.1,1.0,0.01,2.79,224.4,4626.55
1.25,0.75,0.25,81.1,0.99,-0.02,2.88,-255.3,4662.7
1.5,0.25,0.75,81.1,1.06,0.19,2.05,2882.2,4482.73
1.5,0.33,0.67,81.1,1.05,0.16,2.16,2447.0,4511.24
1.5,0.5,0.5,81.1,1.03,0.1,2.38,1522.2,4571.84
1.5,0.67,0.33,81.1,1.01,0.04,2.57,597.5,4639.32
1.5,0.75,0.25,81.1,1.0,0.01,2.64,162.3,4676.99
2.0,0.25,0.75,81.1,1.06,0.19,1.7,2889.8,4474.16
2.0,0.33,0.67,81.1,1.05,0.16,1.7,2457.0,4499.94
2.0,0.5,0.5,81.1,1.03,0.1,1.7,1537.4,4554.7
2.0,0.67,0.33,81.1,1.01,0.04,1.7,617.9,4612.45
2.0,0.75,0.25,81.1,1.0,0.01,1.7,185.1,4646.91
3.0,0.25,0.75,81.1,1.06,0.17,1.69,2667.8,4462.34
3.0,0.33,0.67,81.1,1.04,0.14,1.69,2164.0,4484.33
3.0,0.5,0.5,81.1,1.02,0.07,1.69,1093.5,4531.05
3.0,0.67,0.33,81.1,1.0,0.0,1.69,22.9,4577.78
3.0,0.75,0.25,81.1,0.99,-0.03,1.69,-480.9,4599.77
