min_wr_band,min_pf_band,matching_configurations,best_config,avg_holdout_wr_pct,avg_holdout_pf
70.0,1.0,22,1.25A_0.25D,80.7,1.28
70.0,1.1,18,1.25A_0.25D,81.5,1.35
70.0,1.2,13,1.25A_0.25D,82.3,1.46
70.0,1.3,11,1.25A_0.25D,83.6,1.52
70.0,1.5,5,1.0A_0.25D,87.2,1.82
70.0,1.75,2,0.5A_0.25D,89.9,2.29
70.0,2.0,2,0.5A_0.25D,89.9,2.29
75.0,1.0,18,1.25A_0.25D,82.6,1.33
75.0,1.1,15,1.25A_0.25D,83.3,1.4
75.0,1.2,11,1.25A_0.25D,84.1,1.51
75.0,1.3,10,1.25A_0.25D,84.7,1.55
75.0,1.5,5,1.0A_0.25D,87.2,1.82
75.0,1.75,2,0.5A_0.25D,89.9,2.29
75.0,2.0,2,0.5A_0.25D,89.9,2.29
80.0,1.0,12,1.25A_0.25D,84.7,1.46
80.0,1.1,12,1.25A_0.25D,84.7,1.46
80.0,1.2,9,1.25A_0.25D,85.5,1.58
80.0,1.3,9,1.25A_0.25D,85.5,1.58
80.0,1.5,5,1.0A_0.25D,87.2,1.82
80.0,1.75,2,0.5A_0.25D,89.9,2.29
80.0,2.0,2,0.5A_0.25D,89.9,2.29
82.5,1.0,8,1.0A_0.25D,86.5,1.6
82.5,1.1,8,1.0A_0.25D,86.5,1.6
82.5,1.2,7,1.0A_0.25D,86.8,1.67
82.5,1.3,7,1.0A_0.25D,86.8,1.67
82.5,1.5,5,1.0A_0.25D,87.2,1.82
82.5,1.75,2,0.5A_0.25D,89.9,2.29
82.5,2.0,2,0.5A_0.25D,89.9,2.29
85.0,1.0,4,0.75A_0.25D,88.7,1.87
85.0,1.1,4,0.75A_0.25D,88.7,1.87
85.0,1.2,4,0.75A_0.25D,88.7,1.87
85.0,1.3,4,0.75A_0.25D,88.7,1.87
85.0,1.5,3,0.75A_0.25D,89.1,2.05
85.0,1.75,2,0.5A_0.25D,89.9,2.29
85.0,2.0,2,0.5A_0.25D,89.9,2.29
87.5,1.0,2,0.5A_0.25D,89.9,2.29
87.5,1.1,2,0.5A_0.25D,89.9,2.29
87.5,1.2,2,0.5A_0.25D,89.9,2.29
87.5,1.3,2,0.5A_0.25D,89.9,2.29
87.5,1.5,2,0.5A_0.25D,89.9,2.29
87.5,1.75,2,0.5A_0.25D,89.9,2.29
87.5,2.0,2,0.5A_0.25D,89.9,2.29
90.0,1.0,1,0.5A_0.25D,91.6,1.89
90.0,1.1,1,0.5A_0.25D,91.6,1.89
90.0,1.2,1,0.5A_0.25D,91.6,1.89
90.0,1.3,1,0.5A_0.25D,91.6,1.89
90.0,1.5,1,0.5A_0.25D,91.6,1.89
90.0,1.75,1,0.5A_0.25D,91.6,1.89
90.0,2.0,1,0.5A_0.25D,91.6,1.89
