latency_sec,entry_model,model_description,trades,wr,pf,net_pnl,return_pct,max_dd_pct,total_slip_usd
0,A,Next Available Trade/Open,2785,84.34,3.7,641.99,641.99,5.62,102.57
0,B,Open + Slippage,2720,84.08,3.97,587.97,587.97,4.91,108.37
0,C,VWAP during Latency,2720,84.08,3.97,587.97,587.97,4.91,108.37
0,D,Conservative Adverse Price,2720,84.08,3.97,587.97,587.97,4.91,108.37
0,E,Orderbook-Aware Simulated Fill,2720,84.08,3.97,587.97,587.97,4.91,108.37
1,A,Next Available Trade/Open,2785,84.34,3.7,641.99,641.99,5.62,102.57
1,B,Open + Slippage,2720,84.08,3.97,587.97,587.97,4.91,108.37
1,C,VWAP during Latency,2691,83.84,3.98,579.07,579.07,4.91,107.92
1,D,Conservative Adverse Price,2720,83.82,3.9,566.2,566.2,4.98,114.62
1,E,Orderbook-Aware Simulated Fill,2720,84.08,3.97,587.97,587.97,4.91,108.37
2,A,Next Available Trade/Open,2785,84.34,3.7,641.99,641.99,5.62,102.57
2,B,Open + Slippage,2720,84.08,3.97,587.97,587.97,4.91,108.37
2,C,VWAP during Latency,2721,83.87,4.1,620.01,620.01,4.9,114.94
2,D,Conservative Adverse Price,2673,83.5,3.95,546.81,546.81,4.88,114.46
2,E,Orderbook-Aware Simulated Fill,2720,84.08,3.97,587.97,587.97,4.91,108.37
5,A,Next Available Trade/Open,2785,84.34,3.7,641.99,641.99,5.62,102.57
5,B,Open + Slippage,2720,84.08,3.97,587.97,587.97,4.91,108.37
5,C,VWAP during Latency,2811,83.92,3.82,621.6,621.6,4.57,126.69
5,D,Conservative Adverse Price,2692,83.4,3.99,556.23,556.23,4.57,122.58
5,E,Orderbook-Aware Simulated Fill,2720,84.08,3.97,587.97,587.97,4.91,108.37
10,A,Next Available Trade/Open,2785,84.34,3.7,641.99,641.99,5.62,102.57
10,B,Open + Slippage,2720,84.08,3.97,587.97,587.97,4.91,108.37
10,C,VWAP during Latency,2846,83.91,4.32,642.84,642.84,3.49,126.31
10,D,Conservative Adverse Price,2644,83.09,3.99,526.74,526.74,4.63,124.47
10,E,Orderbook-Aware Simulated Fill,2720,84.08,3.97,587.97,587.97,4.91,108.37
15,A,Next Available Trade/Open,2785,84.34,3.7,641.99,641.99,5.62,102.57
15,B,Open + Slippage,2720,84.08,3.97,587.97,587.97,4.91,108.37
15,C,VWAP during Latency,2799,83.82,4.13,613.22,613.22,3.48,123.07
15,D,Conservative Adverse Price,2609,82.83,3.98,484.67,484.67,4.17,121.14
15,E,Orderbook-Aware Simulated Fill,2720,84.08,3.97,587.97,587.97,4.91,108.37
30,A,Next Available Trade/Open,2785,84.34,3.7,641.99,641.99,5.62,102.57
30,B,Open + Slippage,2720,84.08,3.97,587.97,587.97,4.91,108.37
30,C,VWAP during Latency,2881,83.69,4.74,704.52,704.52,4.21,140.21
30,D,Conservative Adverse Price,2496,82.89,3.47,389.09,389.09,4.76,114.88
30,E,Orderbook-Aware Simulated Fill,2720,84.08,3.97,587.97,587.97,4.91,108.37
60,A,Next Available Trade/Open,2785,84.34,3.7,641.99,641.99,5.62,102.57
60,B,Open + Slippage,2720,84.08,3.97,587.97,587.97,4.91,108.37
60,C,VWAP during Latency,2805,83.46,3.89,605.79,605.79,3.68,138.17
60,D,Conservative Adverse Price,2356,82.13,3.16,293.23,293.23,4.27,102.95
60,E,Orderbook-Aware Simulated Fill,2720,84.08,3.97,587.97,587.97,4.91,108.37
